distanceKM, distanceMILE, distanceNA
11608.15,7212.97,6267.90
10164.69,6316.05,5488.50
7772.22,4829.44,4196.66
5763.57,3581.32,3112.08
13824.73,8590.29,7464.76
11735.35,7292.01,6336.58
11810.05,7338.43,6376.92
6929.49,4305.79,3741.62
13276.07,8249.37,7168.50
16767.64,10418.93,9053.80
13391.66,8321.19,7230.92
5308.03,3298.26,2866.11
11305.45,7024.88,6104.45
7909.42,4914.68,4270.74
11669.22,7250.92,6300.87
2339.16,1453.48,1263.04
6601.38,4101.91,3564.46
16638.09,10338.43,8983.85
11934.20,7415.57,6443.95
17018.86,10575.03,9189.45
12800.09,7953.61,6911.50
16943.61,10528.27,9148.82
8436.76,5242.36,4555.49
9067.92,5634.55,4896.29
6624.93,4116.54,3577.18
9099.61,5654.23,4913.39
14753.49,9167.39,7966.25
1139.57,708.10,615.32
19263.60,11969.85,10401.51
4660.45,2895.87,2516.44
10308.57,6405.45,5566.18
8243.85,5122.49,4451.32
8243.59,5122.33,4451.18
5641.24,3505.30,3046.03
11634.21,7229.17,6281.97
12268.57,7623.34,6624.50
1898.10,1179.43,1024.89
7848.35,4876.74,4237.77
12066.16,7497.56,6515.20
5559.11,3454.27,3001.68
1228.54,763.38,663.36
4359.83,2709.07,2354.12
6280.38,3902.45,3391.14
8187.68,5087.59,4420.99
11225.25,6975.05,6061.15
12903.18,8017.67,6967.16
11625.79,7223.93,6277.43
12945.93,8044.23,6990.24
11050.11,6866.22,5966.58
11784.30,7322.42,6363.01
8020.40,4983.65,4330.67
13475.60,8373.35,7276.24
6929.13,4305.56,3741.43
11910.10,7400.59,6430.94
7543.23,4687.15,4073.02
11686.03,7261.36,6309.95
5200.84,3231.65,2808.23
6443.36,4003.72,3479.13
6792.12,4220.43,3667.45
4605.46,2861.70,2486.75
6092.42,3785.66,3289.64
6214.07,3861.24,3355.33
18448.67,11463.47,9961.49
11932.52,7414.53,6443.05
11436.20,7106.12,6175.05
15221.38,9458.13,8218.89
13777.77,8561.11,7439.40
13079.76,8127.38,7062.50
10991.62,6829.88,5935.00
12236.86,7603.63,6607.37
11150.43,6928.56,6020.75
7222.95,4488.13,3900.08
6161.63,3828.66,3327.02
18365.35,11411.70,9916.50
15634.95,9715.11,8442.20
12307.52,7647.54,6645.53
10401.10,6462.95,5616.15
13200.24,8202.25,7127.56
17375.07,10796.37,9381.79
12373.49,7688.53,6681.15
12749.96,7922.46,6884.43
6748.34,4193.23,3643.81
17776.75,11045.96,9598.68
12705.24,7894.67,6860.28
11310.04,7027.73,6106.93
10194.87,6334.80,5504.79
9320.44,5791.45,5032.63
15957.21,9915.35,8616.20
14022.45,8713.15,7571.52
7471.87,4642.81,4034.49
10882.04,6761.78,5875.83
7375.96,4583.21,3982.70
10912.09,6780.46,5892.06
7393.20,4593.92,3992.01
18097.86,11245.49,9772.06
12383.89,7694.99,6686.77
11638.65,7231.92,6284.37
9327.52,5795.85,5036.46
8486.14,5273.04,4582.15
13867.68,8616.98,7487.95
7324.50,4551.24,3954.92
16495.54,10249.86,8906.88
11445.41,7111.85,6180.03
5384.21,3345.59,2907.24
9983.09,6203.21,5390.44
5973.19,3711.57,3225.26
8321.67,5170.84,4493.34
8445.26,5247.64,4560.08
12247.20,7610.06,6612.96
15589.88,9687.10,8417.86
5333.00,3313.77,2879.59
14423.15,8962.13,7787.88
1037.58,644.72,560.25
3136.95,1949.21,1693.82
17787.25,11052.49,9604.35
12327.30,7659.83,6656.21
9598.39,5964.16,5182.72
13312.89,8272.25,7188.39
12224.96,7596.24,6600.95
13987.51,8691.43,7552.65
9741.59,6053.14,5260.04
5790.04,3597.76,3126.37
5413.42,3363.75,2923.01
5320.33,3305.90,2872.75
12853.93,7987.06,6940.57
6981.55,4338.14,3769.74
11863.77,7371.81,6405.92
6743.30,4190.09,3641.09
15791.94,9812.66,8526.97
15876.55,9865.23,8572.65
11851.28,7364.04,6399.18
17855.81,11095.09,9641.37
11556.67,7180.98,6240.10
8125.06,5048.68,4387.18
8843.02,5494.80,4774.85
10045.12,6241.75,5423.93
11065.37,6875.70,5974.82
4508.39,2801.38,2434.33
12560.63,7804.81,6782.20
11192.41,6954.64,6043.42
12418.06,7716.22,6705.21
16872.08,10483.82,9110.19
7705.88,4788.21,4160.84
5044.35,3134.41,2723.73
13527.51,8405.61,7304.27
10641.46,6612.30,5745.93
12476.56,7752.57,6736.80
10114.54,6284.89,5461.42
12825.42,7969.35,6925.17
7333.85,4557.04,3959.96
11812.22,7339.78,6378.09
11127.39,6914.24,6008.31
10408.25,6467.39,5620.01
8395.28,5216.58,4533.09
7946.50,4937.73,4290.77
202.58,125.88,109.38
15437.01,9592.11,8335.32
5096.50,3166.82,2751.89
12104.68,7521.50,6536.01
8742.30,5432.21,4720.46
11355.27,7055.83,6131.35
15604.56,9696.22,8425.79
16976.12,10548.47,9166.37
13275.74,8249.16,7168.33
16348.56,10158.52,8827.52
13157.76,8175.85,7104.62
11735.35,7292.01,6336.58
15915.06,9889.16,8593.45
15444.67,9596.88,8339.46
12382.55,7694.16,6686.04
9010.19,5598.67,4865.11
13567.41,8430.39,7325.81
16223.87,10081.04,8760.19
16716.70,10387.28,9026.30
9361.46,5816.94,5054.78
15731.23,9774.94,8494.19
15750.21,9786.73,8504.43
11066.42,6876.35,5975.39
14059.24,8736.00,7591.38
13992.74,8694.68,7555.47
10817.16,6721.47,5840.80
5718.44,3553.27,3087.71
15340.38,9532.07,8283.14
8278.67,5144.13,4470.12
12425.75,7721.00,6709.37
15115.54,9392.36,8161.74
6983.26,4339.20,3770.66
14436.15,8970.21,7794.90
16108.30,10009.24,8697.79
17634.53,10957.59,9521.88
13895.65,8634.36,7503.05
8613.41,5352.12,4650.87
14739.16,9158.49,7958.51
11322.88,7035.71,6113.87
9011.06,5599.21,4865.58
14428.19,8965.26,7790.60
13498.35,8387.49,7288.53
13492.20,8383.66,7285.20
13959.39,8673.96,7537.47
15950.76,9911.34,8612.72
14291.19,8880.13,7716.62
13579.10,8437.66,7332.13
15329.57,9525.35,8277.30
16036.28,9964.48,8658.90
16253.71,10099.59,8776.30
12963.78,8055.32,6999.88
13701.13,8513.48,7398.02
13742.66,8539.29,7420.44
14642.95,9098.71,7906.56
12432.22,7725.02,6712.86
12801.01,7954.18,6911.99
15237.07,9467.87,8227.36
3457.50,2148.39,1866.90
15214.18,9453.66,8215.00
16919.83,10513.50,9135.98
12192.69,7576.19,6583.53
14320.16,8898.13,7732.27
13604.38,8453.37,7345.78
17196.31,10685.29,9285.26
16066.04,9982.97,8674.97
15459.27,9605.94,8347.34
4768.46,2962.98,2574.76
15203.58,9447.07,8209.28
15976.86,9927.56,8626.81
13680.83,8500.87,7387.05
16662.52,10353.61,8997.04
15797.96,9816.40,8530.21
15543.00,9657.97,8392.55
13946.61,8666.02,7530.57
7402.76,4599.86,3997.17
15717.75,9766.56,8486.91
16748.85,10407.25,9043.65
5395.12,3352.37,2913.13
12809.48,7959.44,6916.57
13277.15,8250.04,7169.09
17237.75,10711.04,9307.64
13994.32,8695.67,7556.33
16216.57,10076.51,8756.25
15911.67,9887.06,8591.62
15116.62,9393.03,8162.32
7950.93,4940.48,4293.16
12224.23,7595.78,6600.56
13936.96,8660.03,7525.36
11927.87,7411.63,6440.53
12775.62,7938.40,6898.28
11510.24,7152.13,6215.03
7687.08,4776.53,4150.69
14056.81,8734.50,7590.07
10586.18,6577.95,5716.08
15311.85,9514.34,8267.74
16195.89,10063.66,8745.08
6276.99,3900.34,3389.30
15260.02,9482.14,8239.75
16633.12,10335.34,8981.17
17939.08,11146.83,9686.33
9803.88,6091.85,5293.67
11288.54,7014.38,6095.33
6525.31,4054.64,3523.39
8983.39,5582.02,4850.64
16607.16,10319.21,8967.15
15948.77,9910.11,8611.65
17604.77,10939.10,9505.81
8871.97,5512.79,4790.48
13177.13,8187.89,7115.08
10157.30,6311.45,5484.50
15208.79,9450.30,8212.09
17817.84,11071.49,9620.86
10486.98,6516.31,5662.52
11540.99,7171.24,6231.64
11837.08,7355.22,6391.51
4279.06,2658.88,2310.51
9687.12,6019.30,5230.63
16626.75,10331.38,8977.73
2719.05,1689.54,1468.17
2326.03,1445.33,1255.95
13908.35,8642.25,7509.91
15923.02,9894.11,8597.74
15156.21,9417.63,8183.70
15976.82,9927.54,8626.79
4786.40,2974.13,2584.45
10817.15,6721.47,5840.79
4992.93,3102.46,2695.96
11013.20,6843.29,5946.65
14289.16,8878.87,7715.53
2877.07,1787.73,1553.49
12713.99,7900.11,6865.01
12855.01,7987.74,6941.15
6288.71,3907.63,3395.63
15559.28,9668.09,8401.34
18052.62,11217.38,9747.64
16990.10,10557.16,9173.92
3814.96,2370.50,2059.91
12247.46,7610.22,6613.10
15147.74,9412.37,8179.12
11681.84,7258.76,6307.69
12468.87,7747.80,6732.65
16287.49,10120.57,8794.54
16188.08,10058.80,8740.86
16103.70,10006.37,8695.30
12633.92,7850.36,6821.77
17362.49,10788.55,9375.00
15596.04,9690.93,8421.19
10043.55,6240.77,5423.08
16536.02,10275.00,8928.73
10353.79,6433.55,5590.60
6211.11,3859.40,3353.73
15860.97,9855.55,8564.24
7746.52,4813.47,4182.79
16064.41,9981.96,8674.09
11390.59,7077.78,6150.43
10820.12,6723.31,5842.40
11218.82, 6971.05, 6057.68
17572.70,10919.17,9488.50
12802.17,7954.90,6912.62
13397.35,8324.73,7233.99
15901.52,9880.75,8586.13
10851.25,6742.65,5859.21
15609.99,9699.60,8428.72
16594.50,10311.34,8960.31
13972.63,8682.19,7544.62
11637.53,7231.22,6283.76
7477.62,4646.38,4037.59
15404.28,9571.78,8317.65
3804.12,2363.77,2054.06
15883.66,9869.65,8576.49
11957.23,7429.88,6456.39
16348.28,10158.35,8827.36
14495.94,9007.36,7827.18
12377.90,7691.27,6683.53
4264.11,2649.59,2302.43
12409.19,7710.72,6700.43
14895.07,9255.37,8042.70
15185.74,9435.98,8199.64
14266.43,8864.75,7703.25
16981.83,10552.02,9169.46
12331.77,7662.61,6658.62
15945.16,9907.86,8609.70
16119.16,10015.98,8703.65
11780.22,7319.89,6360.81
11770.12,7313.61,6355.36
15451.43,9601.08,8343.11
4574.05,2842.18,2469.79
12325.18,7658.51,6655.06
11617.03,7218.49,6272.69
13457.08,8361.84,7266.24
9407.06,5845.28,5079.41
7915.14,4918.24,4273.83
6668.64,4143.70,3600.78
3963.63,2462.89,2140.19
11784.10,7322.30,6362.91
2339.16,1453.48,1263.04
14059.24,8736.00,7591.38
9526.90,5919.74,5144.11
5549.33,3448.19,2996.40
11603.20,7209.90,6265.23
15582.98,9682.81,8414.13
11333.23,7042.15,6119.46
3460.24,2150.09,1868.38
8978.23,5578.81,4847.85
15463.27,9608.43,8349.50
6399.99,3976.77,3455.72
9432.95,5861.36,5093.39
7682.43,4773.64,4148.18
5790.99,3598.35,3126.88
7859.42,4883.62,4243.75
17784.26,11050.63,9602.73
9734.03,6048.44,5255.95
16197.18,10064.46,8745.78
8545.92,5310.19,4614.43
10501.82,6525.53,5670.53
17042.35,10589.62,9202.13
6891.79,4282.36,3721.27
7358.08,4572.10,3973.04
4341.01,2697.38,2343.96
7648.97,4752.85,4130.11
14252.70,8856.22,7695.84
7591.68,4717.25,4099.18
3010.54,1870.66,1625.56
16929.30,10519.38,9141.09
3663.08,2276.13,1977.91
9779.78,6076.88,5280.66
7013.52,4358.00,3787.00
7015.35,4359.13,3787.98
4896.91,3042.80,2644.12
9369.21,5821.75,5058.97
10246.11,6366.64,5532.46
506.70,314.85,273.60
6089.98,3784.14,3288.33
9735.64,6049.44,5256.82
3759.18,2335.84,2029.79
1121.38,696.79,605.50
3776.18,2346.41,2038.98
5596.55,3477.53,3021.89
6602.30,4102.48,3564.96
9928.46,6169.26,5360.94
10142.28,6302.12,5476.39
10572.17,6569.24,5708.51
13690.25,8506.73,7392.15
10612.82,6594.50,5730.47
8725.68,5421.88,4711.49
10469.16,6505.24,5652.90
6545.71,4067.32,3534.40
11388.53,7076.51,6149.32
4737.83,2943.95,2558.23
9592.92,5960.76,5179.76
5761.35,3579.93,3110.88
15249.18,9475.40,8233.90
9552.67,5935.75,5158.03
3448.50,2142.80,1862.04
5773.31,3587.37,3117.34
4700.73,2920.90,2538.19
2752.96,1710.61,1486.48
4659.70,2895.40,2516.03
5447.59,3384.97,2941.46
17968.70,11165.23,9702.32
9663.96,6004.91,5218.12
9160.93,5692.34,4946.51
16315.61,10138.05,8809.72
11853.68,7365.53,6400.47
11171.39,6941.58,6032.07
8652.60,5376.47,4672.03
10296.67,6398.05,5559.76
8905.91,5533.87,4808.80
5325.38,3309.04,2875.48
4905.16,3047.93,2648.58
17673.96,10982.09,9543.18
13399.72,8326.20,7235.27
10369.42,6443.26,5599.04
9406.48,5844.91,5079.09
6455.14,4011.04,3485.50
11417.78,7094.68,6165.11
13824.49,8590.14,7464.62
16873.82,10484.91,9111.14
10391.42,6456.93,5610.92
7766.69,4825.99,4193.67
10428.28,6479.83,5630.82
4767.89,2962.63,2574.45
18820.11,11694.28,10162.05
10397.64,6460.79,5614.28
8990.77,5586.60,4854.63
7424.83,4613.58,4009.09
9998.33,6212.67,5398.66
8719.54,5418.07,4708.17
16409.23,10196.22,8860.27
13493.49,8384.46,7285.90
5412.64,3363.26,2922.59
8716.60,5416.24,4706.59
5140.69,3194.27,2775.75
10945.31,6801.10,5909.99
6831.93,4245.16,3688.95
15764.57,9795.65,8512.19
10136.51,6298.53,5473.28
9421.78,5854.42,5087.35
7040.96,4375.05,3801.82
8319.20,5169.31,4492.01
12351.37,7674.79,6669.21
6819.57,4237.48,3682.27
15780.86,9805.77,8520.98
15038.03,9344.20,8119.89
9114.59,5663.54,4921.48
3977.78,2471.67,2147.83
14568.78,9052.62,7866.51
12299.18,7642.36,6641.03
5236.83,3254.02,2827.66
6392.85,3972.34,3451.87
6697.87,4161.87,3616.56
9908.28,6156.72,5350.04
17010.25,10569.68,9184.80
7859.46,4883.65,4243.77
19052.15,11838.46,10287.34
13817.74,8585.94,7460.98
4436.78,2756.89,2395.67
16751.15,10408.68,9044.90
1462.23,908.59,789.54
3166.49,1967.56,1709.77
18816.69,11692.15,10160.20
10027.53,6230.82,5414.43
7279.21,4523.09,3930.46
4699.66,2920.23,2537.61
17215.14,10696.99,9295.43
11676.67,7255.55,6304.90
10015.87,6223.57,5408.14
12751.80,7923.60,6885.42
8663.60,5383.31,4677.97
4020.24,2498.06,2170.75
3610.37,2243.38,1949.44
3534.96,2196.52,1908.73
9023.05,5606.66,4872.06
6258.90,3889.10,3379.53
11189.69,6952.95,6041.95
4764.84,2960.73,2572.81
9626.40,5981.57,5197.84
11290.49,7015.58,6096.38
4678.37,2907.01,2526.12
14239.85,8848.23,7688.91
16526.67,10269.19,8923.69
9570.95,5947.11,5167.90
17191.40,10682.24,9282.61
9284.11,5768.88,5013.02
10416.96,6472.80,5624.71
7890.85,4903.14,4260.72
8342.19,5183.60,4504.42
7738.17,4808.28,4178.28
9039.88,5617.12,4881.15
9494.16,5899.40,5126.44
2531.53,1573.02,1366.92
7882.06,4897.69,4255.97
10225.39,6353.77,5521.27
8889.62,5523.75,4800.01
10449.65,6493.11,5642.36
13399.70,8326.19,7235.26
16616.01,10324.71,8971.93
5933.34,3686.81,3203.75
12951.03,8047.40,6993.00
3298.51,2049.60,1781.05
11942.01,7420.42,6448.17
8436.18,5242.00,4555.17
10365.93,6441.09,5597.16
12493.78,7763.27,6746.10
14165.14,8801.81,7648.57
9001.44,5593.24,4860.39
10563.63,6563.93,5703.90
6032.04,3748.14,3257.04
9876.90,6137.22,5333.10
8792.36,5463.32,4747.49
9720.98,6040.34,5248.91
6790.56,4219.46,3666.61
5987.93,3720.73,3233.22
2280.56,1417.08,1231.41
13418.27,8337.73,7245.29
3593.40,2232.84,1940.28
13018.85,8089.54,7029.62
10687.29,6640.77,5770.67
8110.07,5039.37,4379.09
10449.54,6493.04,5642.30
7247.93,4503.65,3913.57
6402.52,3978.34,3457.09
10621.03,6599.60,5734.90
3399.77,2112.52,1835.73
9043.93,5619.64,4883.33
9067.92,5634.55,4896.29
16108.30,10009.24,8697.79
6566.69,4080.35,3545.73
2270.49,1410.82,1225.97
10374.95,6446.69,5602.02
12200.74,7581.19,6587.87
8791.21,5462.60,4746.87
3899.63,2423.12,2105.63
5674.19,3525.78,3063.82
11776.23,7317.41,6358.66
1279.35,794.95,690.79
6981.66,4338.20,3769.79
12807.74,7958.36,6915.63
7358.08,4572.10,3973.04
3359.55,2087.53,1814.01
13059.54,8114.82,7051.59
14323.39,8900.14,7734.01
7370.87,4580.05,3979.95
12723.53,7906.04,6870.16
11447.07,7112.88,6180.92
6812.35,4233.00,3678.38
13678.20,8499.24,7385.64
9484.25,5893.24,5121.08
5914.22,3674.93,3193.42
9994.68,6210.41,5396.70
13704.98,8515.88,7400.10
9110.51,5661.01,4919.28
8784.16,5458.22,4743.07
10448.33,6492.29,5641.65
4540.99,2821.64,2451.94
13176.53,8187.52,7114.76
10421.82,6475.82,5627.33
10427.95,6479.63,5630.64
4028.54,2503.22,2175.24
6697.39,4161.57,3616.30
8574.80,5328.14,4630.02
7837.71,4870.13,4232.03
8584.62,5334.24,4635.33
5905.82,3669.71,3188.89
3606.44,2240.94,1947.32
8082.20,5022.05,4364.04
5082.00,3157.81,2744.06
3749.41,2329.78,2024.52
9278.65,5765.48,5010.07
11128.23,6914.76,6008.76
10605.24,6589.79,5726.37
6307.52,3919.31,3405.79
12658.54,7865.65,6835.06
6270.62,3896.38,3385.86
5648.39,3509.75,3049.89
11215.46,6968.96,6055.86
9597.26,5963.46,5182.10
8673.89,5389.71,4683.53
6552.93,4071.80,3538.30
6128.41,3808.02,3309.08
8434.71,5241.09,4554.38
11539.54,7170.34,6230.86
7745.50,4812.83,4182.23
3938.33,2447.16,2126.53
3694.06,2295.38,1994.63
7084.48,4402.09,3825.31
4613.98,2866.99,2491.35
3004.24,1866.75,1622.16
3646.42,2265.78,1968.91
12425.20,7720.66,6709.07
6774.21,4209.30,3657.78
3860.39,2398.73,2084.44
15644.38,9720.97,8447.29
9552.16,5935.44,5157.75
9386.54,5832.53,5068.33
4898.64,3043.88,2645.06
8967.96,5572.43,4842.31
6729.46,4181.49,3633.62
7944.13,4936.25,4289.49
3053.57,1897.40,1648.80
10319.51,6412.25,5572.09
8819.69,5480.30,4762.25
9000.47,5592.64,4859.87
11846.55,7361.11,6396.63
9942.35,6177.89,5368.44
9765.95,6068.28,5273.19
12965.18,8056.19,7000.64
8812.53,5475.85,4758.38
13257.14,8237.61,7158.28
6434.71,3998.34,3474.46
7562.76,4699.28,4083.56
13144.29,8167.48,7097.35
6642.08,4127.20,3586.44
5850.23,3635.17,3158.87
5425.47,3371.23,2929.52
14065.21,8739.71,7594.60
12622.87,7843.49,6815.80
14607.72,9076.81,7887.54
13713.53,8521.19,7404.71
7275.75,4520.94,3928.59
7276.86,4521.63,3929.19
6238.50,3876.42,3368.52
14916.38,9268.61,8054.20
3603.56,2239.15,1945.77
9632.66,5985.46,5201.22
7158.98,4448.39,3865.54
7134.19,4432.98,3852.16
5840.77,3629.29,3153.77
13415.00,8335.69,7243.52
11055.51,6869.57,5969.50
11980.32,7444.23,6468.86
12148.11,7548.49,6559.45
11659.02,7244.58,6295.37
5630.52,3498.64,3040.24
3696.29,2296.77,1995.84
13416.83,8336.83,7244.51
14484.60,9000.31,7821.06
3833.73,2382.17,2070.05
7996.09,4968.54,4317.54
8761.52,5444.16,4730.84
5597.68,3478.23,3022.50
10669.48,6629.71,5761.06
4070.08,2529.03,2197.66
14304.07,8888.13,7723.58
8073.65,5016.74,4359.42
6392.73,3972.26,3451.80
13135.07,8161.75,7092.37
6576.26,4086.30,3550.90
5386.98,3347.31,2908.74
6753.27,4196.29,3646.48
15438.27,9592.90,8336.00
10515.71,6534.16,5678.03
7411.98,4605.59,4002.15
5457.88,3391.37,2947.02
11385.76,7074.79,6147.82
3350.57,2081.95,1809.16
3756.30,2334.06,2028.24
3837.88,2384.75,2072.29
9390.59,5835.04,5070.51
10289.72,6393.73,5556.00
6388.92,3969.89,3449.74
7043.34,4376.53,3803.10
13474.68,8372.78,7275.74
7204.97,4476.96,3890.37
11337.05,7044.52,6121.52
14820.99,9209.34,8002.70
6615.14,4110.46,3571.89
12624.67,7844.61,6816.78
6589.54,4094.55,3558.07
12190.33,7574.72,6582.25
13060.45,8115.39,7052.08
12702.90,7893.22,6859.02
5689.91,3535.54,3072.30
10952.58,6805.62,5913.92
10134.62,6297.36,5472.26
4828.54,3000.31,2607.20
13030.53,8096.79,7035.92
5993.36,3724.10,3236.15
6083.49,3780.11,3284.82
8893.39,5526.10,4802.05
10024.78,6229.11,5412.95
13424.05,8341.32,7248.41
8502.14,5282.99,4590.79
12389.04,7698.20,6689.55
4094.25,2544.05,2210.72
10746.64,6677.65,5802.72
6911.51,4294.61,3731.91
8162.94,5072.22,4407.64
9669.83,6008.55,5221.29
11395.40,7080.77,6153.02
7216.29,4484.00,3896.49
2047.38,1272.18,1105.50
8856.45,5503.14,4782.10
5361.18,3331.28,2894.81
3783.15,2350.74,2042.74
734.09,456.14,396.38
7800.06,4846.74,4211.70
9144.82,5682.33,4937.81
9762.30,6066.01,5271.22
3971.66,2467.87,2144.52
11567.01,7187.41,6245.68
10958.03,6809.00,5916.86
12304.66,7645.76,6643.99
4173.76,2593.46,2253.65
7674.92,4768.98,4144.13
9106.64,5658.61,4917.19
11754.77,7304.07,6347.07
13668.80,8493.40,7380.56
5513.46,3425.90,2977.03
19263.60,11969.85,10401.51
9011.06,5599.21,4865.58
7457.16,4633.66,4026.54
12650.39,7860.59,6830.66
6177.65,3838.61,3335.66
3026.43,1880.54,1634.14
5937.51,3689.40,3206.00
14102.42,8762.84,7614.70
7958.44,4945.15,4297.21
2821.84,1753.41,1523.67
11652.34,7240.43,6291.76
7606.40,4726.40,4107.13
11773.10,7315.46,6356.96
16929.30,10519.38,9141.09
13142.92,8166.63,7096.61
11704.54,7272.86,6319.95
3900.17,2423.45,2105.92
7349.80,4566.95,3968.57
2957.43,1837.66,1596.89
9995.50,6210.92,5397.14
6465.41,4017.42,3491.04
3350.81,2082.09,1809.29
10986.66,6826.80,5932.32
10448.33,6492.29,5641.65
12639.85,7854.04,6824.97
10358.12,6436.24,5592.94
5163.59,3208.51,2788.11
10086.89,6267.70,5446.48
19058.95,11842.68,10291.01
14948.42,9288.52,8071.50
9448.17,5870.82,5101.60
11258.66,6995.81,6079.19
11259.47,6996.31,6079.63
14086.27,8752.80,7605.98
7635.87,4744.71,4123.04
7063.64,4389.14,3814.06
17365.52,10790.44,9376.63
11516.47,7156.00,6218.39
7198.09,4472.69,3886.66
13869.06,8617.83,7488.69
18046.66,11213.68,9744.42
15347.72,9536.63,8287.10
13491.47,8383.21,7284.81
11222.25,6973.18,6059.53
8312.50,5165.15,4488.39
7861.65,4885.00,4244.95
6361.09,3952.60,3434.71
9102.00,5655.72,4914.69
6318.80,3926.32,3411.88
8213.60,5103.70,4434.99
7758.46,4820.88,4189.23
11414.70,7092.76,6163.44
5845.32,3632.11,3156.22
12346.45,7671.73,6666.55
7353.56,4569.29,3970.60
11813.18,7340.37,6378.61
7129.09,4429.81,3849.40
7613.42,4730.76,4110.92
14231.53,8843.06,7684.41
13338.93,8288.43,7202.44
12498.44,7766.17,6748.62
14787.85,9188.74,7984.80
13449.97,8357.42,7262.40
13529.76,8407.01,7305.49
1977.04,1228.48,1067.52
7337.19,4559.12,3961.76
7879.45,4896.06,4254.56
5219.65,3243.34,2818.39
5598.58,3478.80,3022.99
6293.85,3910.82,3398.41
8279.55,5144.67,4470.60
7119.04,4423.57,3843.97
8122.88,5047.32,4386.00
12106.11,7522.39,6536.78
13433.69,8347.31,7253.61
2099.47,1304.55,1133.62
3650.66,2268.42,1971.20
7049.59,4380.41,3806.47
9212.73,5724.53,4974.48
11699.05,7269.45,6316.98
6215.74,3862.28,3356.23
3467.19,2154.41,1872.13
2778.34,1726.38,1500.19
6971.17,4331.68,3764.13
11958.46,7430.64,6457.05
6513.64,4047.39,3517.08
12561.26,7805.21,6782.54
2865.05,1780.26,1547.01
6559.14,4075.66,3541.65
7953.56,4942.12,4294.58
9520.26,5915.62,5140.53
9664.87,6005.47,5218.61
10388.40,6455.05,5609.29
4348.05,2701.75,2347.76
5850.95,3635.61,3159.26
11827.38,7349.19,6386.27
8407.28,5224.04,4539.57
11894.42,7390.85,6422.47
9042.84,5618.96,4882.75
12456.67,7740.21,6726.06
1166.16,724.62,629.68
6890.44,4281.52,3720.54
7641.00,4747.90,4125.81
9938.11,6175.25,5366.15
11334.80,7043.12,6120.30
5652.28,3512.16,3051.99
12359.00,7679.52,6673.32
6808.56,4230.64,3676.33
3154.11,1959.87,1703.08
7818.93,4858.46,4221.88
14144.12,8788.75,7637.22
8366.55,5198.73,4517.57
10783.46,6700.53,5822.60
13770.50,8556.59,7435.47
11009.04,6840.70,5944.41
10928.28,6790.52,5900.80
7021.62,4363.03,3791.37
5540.46,3442.68,2991.61
11704.49,7272.83,6319.92
4038.62,2509.49,2180.68
3879.05,2410.33,2094.52
14336.17,8908.09,7740.91
6342.53,3941.07,3424.69
18295.52,11368.31,9878.79
16647.21,10344.09,8988.77
2853.82,1773.28,1540.94
6937.84,4310.97,3746.13
9665.21,6005.68,5218.80
12423.96,7719.89,6708.40
5474.97,3401.99,2956.25
6153.85,3823.83,3322.81
7057.61,4385.39,3810.80
5816.39,3614.13,3140.60
9833.26,6110.10,5309.53
13651.05,8482.37,7370.98
14010.81,8705.91,7565.23
14106.41,8765.31,7616.85
7983.94,4960.99,4310.98
11644.47,7235.54,6287.51
6595.66,4098.35,3561.37
12290.67,7637.07,6636.43
7411.90,4605.54,4002.11
7935.12,4930.65,4284.62
12551.45,7799.11,6777.24
3776.63,2346.69,2039.22
4479.94,2783.70,2418.97
7416.39,4608.33,4004.53
2327.42,1446.19,1256.70
7712.06,4792.05,4164.18
8254.87,5129.34,4457.28
11664.19,7247.79,6298.16
10884.09,6763.06,5876.94
9218.89,5728.35,4977.80
9217.60,5727.55,4977.10
8386.62,5211.20,4528.41
14854.47,9230.14,8020.77
11656.47,7243.00,6293.99
6704.85,4166.20,3620.33
8072.11,5015.78,4358.59
6930.98,4306.71,3742.43
4053.53,2518.75,2188.73
3297.79,2049.15,1780.66
11654.26,7241.62,6292.80
9804.39,6092.16,5293.94
14385.72,8938.87,7767.67
5960.71,3703.82,3218.53
8638.78,5367.89,4664.57
6832.08,4245.26,3689.03
4930.50,3063.67,2662.26
8388.59,5212.43,4529.48
9457.41,5876.56,5106.59
6446.48,4005.66,3480.82
12280.21,7630.57,6630.78
7541.61,4686.14,4072.15
8138.09,5056.77,4394.22
9487.40,5895.20,5122.78
11144.93,6925.14,6017.78
11375.30,7068.28,6142.17
19153.91,11901.69,10342.28
3927.96,2440.72,2120.93
14396.76,8945.73,7773.63
9507.33,5907.58,5133.55
7411.68,4605.40,4001.99
10942.30,6799.23,5908.37
5582.31,3468.69,3014.21
1600.97,994.80,864.46
1345.01,835.75,726.25
6500.69,4039.34,3510.09
6705.55,4166.64,3620.71
3809.10,2366.87,2056.75
11050.11,6866.22,5966.58
16919.83,10513.50,9135.98
1033.50,642.19,558.04
7210.12,4480.16,3893.15
4830.88,3001.77,2608.47
7911.28,4915.84,4271.75
3430.30,2131.49,1852.21
6875.62,4272.31,3712.54
263.72,163.87,142.40
7558.42,4696.58,4081.22
6584.26,4091.27,3555.22
1348.65,838.01,728.21
8503.65,5283.92,4591.60
8725.68,5421.88,4711.49
8653.07,5376.77,4672.28
8705.71,5409.48,4700.71
11209.57,6965.30,6052.68
1757.71,1092.19,949.08
8641.38,5369.51,4665.97
6367.88,3956.82,3438.38
1825.27,1134.17,985.56
9936.60,6174.32,5365.34
5078.35,3155.54,2742.09
5648.39,3509.75,3049.89
4448.59,2764.23,2402.05
5180.94,3219.29,2797.48
8514.73,5290.81,4597.59
4251.06,2641.48,2295.39
11648.37,7237.96,6289.62
8213.60,5103.70,4434.99
8630.63,5362.83,4660.17
7836.75,4869.53,4231.51
6039.37,3752.69,3261.00
6045.18,3756.30,3264.14
8917.64,5541.17,4815.14
1079.44,670.73,582.85
2949.35,1832.64,1592.52
9152.06,5686.82,4941.72
4713.04,2928.55,2544.84
1026.73,637.98,554.39
6821.33,4238.58,3683.22
9846.97,6118.62,5316.94
9358.87,5815.33,5053.39
8976.55,5577.77,4846.95
5052.28,3139.34,2728.02
5572.55,3462.62,3008.94
4989.48,3100.32,2694.11
1858.86,1155.04,1003.70
16581.76,10303.42,8953.43
1908.50,1185.89,1030.51
5588.56,3472.57,3017.58
5431.98,3375.28,2933.04
3369.07,2093.45,1819.15
4302.69,2673.56,2323.26
878.08,545.61,474.13
4820.04,2995.03,2602.61
14362.10,8924.19,7754.91
2097.14,1303.10,1132.37
7117.08,4422.35,3842.92
8993.13,5588.07,4855.90
4624.00,2873.22,2496.76
7310.11,4542.29,3947.14
7356.59,4571.17,3972.24
8799.46,5467.73,4751.33
9609.01,5970.76,5188.45
1244.13,773.07,671.78
2233.11,1387.59,1205.78
11581.32,7196.30,6253.42
4211.86,2617.13,2274.22
3859.60,2398.24,2084.02
780.80,485.16,421.60
3329.42,2068.81,1797.74
1106.27,687.40,597.34
4728.91,2938.41,2553.41
7725.25,4800.25,4171.30
9714.68,6036.42,5245.51
4756.85,2955.77,2568.50
3366.88,2092.08,1817.97
6483.26,4028.51,3500.68
4405.01,2737.15,2378.52
5418.64,3366.99,2925.83
9236.35,5739.20,4987.23
3191.17,1982.90,1723.09
9043.90,5619.62,4883.31
1702.80,1058.07,919.44
4890.56,3038.85,2640.69
10756.19,6683.59,5807.88
1696.01,1053.85,915.77
286.83,178.23,154.87
1310.59,814.37,707.66
8759.41,5442.85,4729.71
7642.63,4748.91,4126.69
10424.84,6477.69,5628.96
8287.01,5149.31,4474.62
4136.75,2570.46,2233.66
1748.60,1086.53,944.17
3797.65,2359.75,2050.57
9411.73,5848.18,5081.93
9196.21,5714.26,4965.56
7047.85,4379.33,3805.54
1736.68,1079.12,937.73
1491.41,926.72,805.29
1815.54,1128.12,980.31
8846.11,5496.72,4776.52
5610.72,3486.34,3029.54
8075.59,5017.94,4360.47
7235.07,4495.66,3906.62
430.03,267.21,232.20
7676.66,4770.05,4145.06
16331.07,10147.65,8818.07
18985.34,11796.94,10251.26
8893.67,5526.27,4802.20
3930.68,2442.41,2122.40
4451.09,2765.78,2403.40
1341.63,833.65,724.42
13380.69,8314.38,7225.00
8705.70,5409.47,4700.70
12222.44,7594.67,6599.59
5916.98,3676.64,3194.91
8665.30,5384.37,4678.89
14553.15,9042.91,7858.07
10162.00,6314.37,5487.04
10254.96,6372.14,5537.24
10744.65,6676.42,5801.65
1366.47,849.08,737.83
1454.09,903.53,785.15
4436.09,2756.46,2395.30
13115.34,8149.50,7081.72
4972.62,3089.84,2685.00
1869.97,1161.95,1009.70
7629.55,4740.78,4119.63
6246.95,3881.68,3373.08
6755.81,4197.87,3647.85
6899.13,4286.92,3725.23
6987.17,4341.63,3772.77
947.18,588.55,511.44
5411.59,3362.61,2922.02
4681.95,2909.23,2528.05
4205.75,2613.33,2270.92
1444.90,897.82,780.18
7844.44,4874.31,4235.66
4719.35,2932.47,2548.25
6585.94,4092.31,3556.12
10736.59,6671.41,5797.30
1088.34,676.26,587.65
9197.35,5714.97,4966.17
964.41,599.26,520.74
6612.37,4108.74,3570.40
8683.90,5395.92,4688.93
7940.08,4933.74,4287.30
1052.76,654.15,568.44
5619.50,3491.80,3034.29
4601.90,2859.49,2484.83
7191.30,4468.47,3882.99
8650.87,5375.40,4671.09
1543.66,959.19,833.51
435.11,270.36,234.94
3274.62,2034.76,1768.15
5285.46,3284.23,2853.92
9443.42,5867.87,5099.04
4751.80,2952.63,2565.77
16925.10,10516.77,9138.82
7217.50,4484.75,3897.14
5237.03,3254.14,2827.77
1483.25,921.65,800.89
2599.62,1615.33,1403.68
4576.11,2843.46,2470.90
6123.11,3804.73,3306.22
2024.95,1258.25,1093.39
7308.55,4541.32,3946.30
3210.16,1994.70,1733.35
342.74,212.97,185.06
8810.18,5474.39,4757.12
6164.60,3830.50,3328.62
4072.67,2530.64,2199.07
10962.22,6811.61,5919.13
5149.77,3199.92,2780.65
7618.51,4733.92,4113.67
16083.31,9993.71,8684.30
5312.04,3300.75,2868.27
7591.74,4717.29,4099.21
4777.73,2968.75,2579.77
1335.35,829.74,721.03
1929.21,1198.75,1041.69
6820.66,4238.16,3682.86
7513.17,4668.47,4056.79
3057.46,1899.82,1650.90
11910.10,7400.59,6430.94
16066.04,9982.97,8674.97
523.58,325.33,282.71
7875.79,4893.79,4252.58
4249.24,2640.36,2294.41
7073.96,4395.55,3819.63
2722.51,1691.69,1470.04
7708.73,4789.98,4162.38
651.08,404.56,351.55
6711.34,4170.23,3623.83
7169.58,4454.97,3871.26
1031.76,641.10,557.10
8668.05,5386.08,4680.37
9592.92,5960.76,5179.76
9287.96,5771.27,5015.10
8847.30,5497.46,4777.16
10348.27,6430.11,5587.62
1318.87,819.51,712.13
7797.72,4845.28,4210.43
6394.71,3973.49,3452.87
952.14,591.63,514.11
9088.08,5647.07,4907.17
5413.74,3363.94,2923.19
6128.41,3808.02,3309.08
5292.65,3288.70,2857.80
5376.32,3340.69,2902.98
7816.70,4857.07,4220.68
4495.97,2793.67,2427.63
12525.54,7783.01,6763.25
7353.56,4569.29,3970.60
9431.00,5860.15,5092.33
7690.01,4778.35,4152.27
6318.04,3925.85,3411.47
6323.41,3929.18,3414.37
9633.35,5985.89,5201.59
768.81,477.72,415.13
2489.09,1546.65,1344.00
10012.40,6221.42,5406.26
5214.50,3240.14,2815.61
354.79,220.46,191.57
7638.73,4746.49,4124.59
10713.64,6657.14,5784.90
10156.71,6311.09,5484.19
9631.79,5984.92,5200.75
5439.84,3380.16,2937.28
5349.77,3324.19,2888.64
4705.53,2923.88,2540.78
1041.17,646.95,562.19
15976.00,9927.02,8626.35
1104.73,686.44,596.50
878.08,545.61,474.13
5268.78,3273.87,2844.91
5808.71,3609.36,3136.45
2634.82,1637.20,1422.69
5092.82,3164.53,2749.90
5368.83,3336.04,2898.94
13730.43,8531.69,7413.84
1804.15,1121.05,974.17
7945.18,4936.90,4290.05
9631.80,5984.92,5200.76
5371.07,3337.43,2900.15
8165.94,5074.08,4409.26
8098.85,5032.39,4373.03
9467.24,5882.67,5111.90
8731.21,5425.32,4714.48
688.06,427.54,371.52
2388.11,1483.90,1289.48
10782.90,6700.18,5822.30
3507.31,2179.34,1893.80
3260.72,2026.12,1760.65
1317.86,818.88,711.59
2898.51,1801.05,1565.07
1184.32,735.90,639.48
5359.63,3330.32,2893.97
8442.63,5246.01,4558.66
8918.37,5541.62,4815.54
3879.08,2410.35,2094.54
2919.07,1813.82,1576.17
6370.18,3958.24,3439.62
7392.77,4593.66,3991.78
3816.59,2371.52,2060.80
4555.93,2830.92,2460.01
8379.17,5206.58,4524.39
2716.18,1687.76,1466.62
9202.27,5718.03,4968.83
842.95,523.78,455.16
5593.22,3475.47,3020.10
9878.16,6138.01,5333.78
818.07,508.32,441.72
602.77,374.54,325.47
2168.26,1347.30,1170.77
8598.83,5343.07,4643.00
7650.37,4753.72,4130.87
9614.50,5974.17,5191.41
7659.11,4759.15,4135.59
4825.77,2998.60,2605.71
1850.65,1149.94,999.27
4601.02,2858.94,2484.35
9133.70,5675.42,4931.81
9726.91,6044.02,5252.11
6189.36,3845.89,3341.99
1034.06,642.53,558.35
1203.66,747.92,649.92
2611.66,1622.81,1410.18
8924.86,5545.65,4819.04
4970.07,3088.26,2683.63
8357.08,5192.85,4512.46
13733.80,8533.79,7415.66
6400.66,3977.19,3456.08
577.37,358.76,311.75
8463.58,5259.02,4569.97
15573.12,9676.69,8408.81
18136.79,11269.68,9793.08
9580.71,5953.18,5173.17
4453.03,2766.98,2404.44
4862.26,3021.27,2625.41
838.05,520.74,452.51
12612.78,7837.22,6810.36
8847.29,5497.45,4777.15
11350.42,7052.83,6128.74
5100.62,3169.38,2754.11
9415.35,5850.43,5083.88
13685.84,8503.99,7389.76
11034.15,6856.30,5957.96
11098.76,6896.45,5992.85
9866.62,6130.84,5327.55
516.42,320.89,278.85
2313.77,1437.71,1249.34
5211.17,3238.07,2813.81
12253.17,7613.77,6616.18
4390.58,2728.18,2370.72
1294.14,804.14,698.78
7302.06,4537.29,3942.80
6254.07,3886.10,3376.93
7558.28,4696.50,4081.14
7723.33,4799.05,4170.26
7813.48,4855.07,4218.94
957.94,595.24,517.25
5836.16,3626.42,3151.27
4168.09,2589.93,2250.59
5008.12,3111.90,2704.17
1000.23,621.51,540.08
7479.84,4647.76,4038.79
5457.29,3391.00,2946.70
5779.38,3591.14,3120.62
9923.43,6166.13,5358.22
552.70,343.43,298.44
8328.10,5174.84,4496.81
724.00,449.87,390.93
6338.84,3938.78,3422.70
8820.87,5481.03,4762.89
8005.99,4974.69,4322.89
1869.55,1161.69,1009.48
5558.23,3453.72,3001.20
4437.60,2757.40,2396.11
8056.66,5006.17,4350.25
8788.73,5461.06,4745.53
810.27,503.48,437.51
753.11,467.96,406.64
2792.69,1735.30,1507.93
4457.46,2769.74,2406.83
8603.01,5345.66,4645.25
5277.25,3279.13,2849.48
16447.18,10219.80,8880.77
8051.29,5002.84,4347.35
4631.47,2877.86,2500.79
1766.40,1097.59,953.78
2039.97,1267.58,1101.49
3798.91,2360.53,2051.25
14955.53,9292.93,8075.34
6072.86,3773.50,3279.08
1205.43,749.02,650.88
7923.83,4923.64,4278.53
2891.95,1796.97,1561.53
932.08,579.17,503.28
8966.74,5571.68,4841.65
6710.60,4169.77,3623.44
4659.45,2895.25,2515.90
11816.68,7342.54,6380.50
4304.97,2674.98,2324.50
8429.65,5237.94,4551.65
15688.44,9748.34,8471.08
4939.19,3069.07,2666.95
7689.41,4777.98,4151.95
6005.78,3731.82,3242.86
10211.82,6345.33,5513.94
11643.83,7235.14,6287.17
10295.10,6397.08,5558.91
18283.70,11360.96,9872.41
7777.17,4832.51,4199.33
15221.38,9458.13,8218.89
5395.12,3352.37,2913.13
10552.60,6557.08,5697.95
17869.42,11103.54,9648.71
7048.55,4379.77,3805.91
3770.06,2342.60,2035.67
8176.61,5080.71,4415.02
18341.35,11396.79,9903.54
11414.01,7092.34,6163.07
4172.08,2592.41,2252.74
16871.39,10483.39,9109.82
10356.18,6435.03,5591.89
8805.61,5471.55,4754.65
16315.61,10138.05,8809.72
17919.68,11134.77,9675.85
8600.67,5344.21,4643.99
1522.77,946.21,822.23
9945.33,6179.74,5370.05
3107.30,1930.79,1677.81
8582.79,5333.10,4634.33
9866.83,6130.97,5327.66
1984.40,1233.05,1071.49
10639.40,6611.01,5744.81
15644.38,9720.97,8447.29
14511.35,9016.94,7835.50
9866.25,6130.60,5327.35
3328.26,2068.09,1797.12
10341.49,6425.90,5583.96
15601.54,9694.35,8424.16
5219.65,3243.34,2818.39
19814.35,12312.06,10698.89
6997.26,4347.90,3778.22
10126.85,6292.53,5468.06
10122.92,6290.09,5465.94
18747.37,11649.07,10122.77
10565.04,6564.81,5704.66
8923.75,5544.96,4818.44
15965.91,9920.75,8620.90
11646.76,7236.96,6288.75
10841.05,6736.31,5853.70
18377.05,11418.97,9922.82
16002.58,9943.54,8640.70
19089.83,11861.87,10307.68
18072.69,11229.85,9758.47
10941.16,6798.52,5907.75
7731.48,4804.12,4174.66
7848.61,4876.90,4237.91
10153.60,6309.16,5482.51
7854.48,4880.55,4241.08
10157.49,6311.57,5484.60
11581.32,7196.30,6253.42
7314.44,4544.98,3949.48
10828.36,6728.43,5846.85
8221.44,5108.57,4439.22
13773.60,8558.52,7437.15
10782.90,6700.18,5822.30
11952.80,7427.12,6453.99
7394.79,4594.91,3992.87
9828.56,6107.18,5307.00
18601.55,11558.47,10044.03
17899.73,11122.37,9665.08
13461.84,8364.80,7268.81
18355.15,11405.36,9910.99
18636.49,11580.18,10062.90
18245.34,11337.13,9851.69
3255.18,2022.67,1757.66
10347.65,6429.73,5587.28
12410.34,7711.43,6701.05
7414.51,4607.17,4003.52
7897.38,4907.20,4264.24
12076.76,7504.15,6520.93
8661.45,5381.97,4676.81
10823.57,6725.45,5844.26
12520.44,7779.84,6760.50
18646.65,11586.49,10068.39
5786.85,3595.78,3124.65
7215.96,4483.79,3896.31
8598.67,5342.96,4642.91
7782.09,4835.57,4201.99
16914.95,10510.46,9133.34
7417.85,4609.24,4005.32
6350.47,3946.00,3428.98
2723.49,1692.30,1470.57
8696.61,5403.82,4695.79
8640.29,5368.83,4665.38
10144.31,6303.38,5477.49
13125.95,8156.08,7087.44
2780.05,1727.45,1501.11
10028.58,6231.47,5415.00
11300.20,7021.62,6101.62
12554.46,7800.98,6778.87
6559.34,4075.79,3541.76
8019.70,4983.21,4330.29
1182.49,734.76,638.49
3874.52,2407.52,2092.07
12843.55,7980.61,6934.96
10617.50,6597.41,5732.99
13683.01,8502.23,7388.24
5537.95,3441.12,2990.25
16844.98,10466.98,9095.56
6015.39,3737.79,3248.05
9845.89,6117.95,5316.36
10271.15,6382.20,5545.98
12566.39,7808.39,6785.31
8135.42,5055.12,4392.78
6192.19,3847.65,3343.52
9718.22,6038.62,5247.42
6695.59,4160.45,3615.33
4420.24,2746.61,2386.74
11360.23,7058.92,6134.03
19229.03,11948.37,10382.85
6783.73,4215.21,3662.92
7719.62,4796.75,4168.26
18433.33,11453.94,9953.20
11753.38,7303.21,6346.32
11135.02,6918.98,6012.43
10940.60,6798.17,5907.45
5877.24,3651.95,3173.45
8600.63,5344.18,4643.97
3437.49,2135.96,1856.10
5684.02,3531.89,3069.13
19248.34,11960.36,10393.27
4459.68,2771.12,2408.03
16132.69,10024.39,8710.96
17943.16,11149.36,9688.53
2785.90,1731.08,1504.26
10266.50,6379.31,5543.47
12677.42,7877.38,6845.26
13671.60,8495.14,7382.07
2084.69,1295.37,1125.64
6920.58,4300.25,3736.82
9758.29,6063.52,5269.05
10730.82,6667.83,5794.18
8521.50,5295.01,4601.24
18337.05,11394.11,9901.21
18422.78,11447.39,9947.51
18493.59,11491.38,9985.74
10833.55,6731.65,5849.65
11127.30,6914.19,6008.26
7348.93,4566.41,3968.10
13861.65,8613.23,7484.69
10205.82,6341.60,5510.70
5687.85,3534.27,3071.19
13403.38,8328.48,7237.25
5003.53,3109.05,2701.69
893.36,555.11,482.38
10497.82,6523.04,5668.37
3026.71,1880.71,1634.29
10680.20,6636.37,5766.85
6889.06,4280.66,3719.79
8574.02,5327.65,4629.60
8295.66,5154.68,4479.30
12184.99,7571.40,6579.37
8526.84,5298.33,4604.13
18025.25,11200.37,9732.85
8588.02,5336.35,4637.16
10527.79,6541.66,5684.55
11220.26,6971.95,6058.46
8614.15,5352.58,4651.27
6334.12,3935.84,3420.15
2323.35,1443.66,1254.51
11798.27,7331.10,6370.55
8514.09,5290.41,4597.24
18639.81,11582.24,10064.69
6623.39,4115.58,3576.35
11008.62,6840.44,5944.18
9101.73,5655.55,4914.54
7005.42,4352.96,3782.62
7974.75,4955.28,4306.02
8270.48,5139.04,4465.70
9579.26,5952.28,5172.39
17474.34,10858.05,9435.39
8981.87,5581.07,4849.82
11713.93,7278.70,6325.02
13990.45,8693.27,7554.24
16356.59,10163.51,8831.85
12141.52,7544.39,6555.89
15112.19,9390.28,8159.93
6515.04,4048.26,3517.84
19175.58,11915.16,10353.99
8920.10,5542.69,4816.47
7299.91,4535.95,3941.63
8601.18,5344.53,4644.27
4929.86,3063.27,2661.91
612.02,380.29,330.46
990.77,615.64,534.97
5638.82,3503.80,3044.72
7464.79,4638.40,4030.66
3107.59,1930.97,1677.96
11150.43,6928.56,6020.75
16216.57,10076.51,8756.25
765.56,475.70,413.37
8171.61,5077.60,4412.32
3874.23,2407.34,2091.92
7308.46,4541.27,3946.25
2676.03,1662.81,1444.94
7563.88,4699.98,4084.17
1173.75,729.33,633.77
6997.89,4348.29,3778.56
7612.44,4730.15,4110.39
529.40,328.95,285.85
7527.90,4677.62,4064.74
8905.91,5533.87,4808.80
9630.75,5984.27,5200.19
7716.66,4794.91,4166.66
10663.76,6626.15,5757.97
894.80,556.00,483.15
8050.53,5002.37,4346.94
5314.83,3302.48,2869.78
1736.92,1079.27,937.86
9347.02,5807.97,5046.99
4229.72,2628.23,2283.87
6729.46,4181.49,3633.62
4567.63,2838.19,2466.32
4216.50,2620.01,2276.73
7627.08,4739.25,4118.29
3320.62,2063.34,1792.99
11909.01,7399.92,6430.35
8122.88,5047.32,4386.00
9381.71,5829.52,5065.72
6738.13,4186.88,3638.30
5141.01,3194.47,2775.92
5146.46,3197.86,2778.87
9808.22,6094.55,5296.02
518.02,321.88,279.71
1956.29,1215.58,1056.31
9278.42,5765.34,5009.95
4057.09,2520.96,2190.66
1532.85,952.47,827.67
7554.90,4694.40,4079.32
10008.13,6218.76,5403.96
10106.90,6280.13,5457.29
9933.50,6172.39,5363.66
4256.83,2645.07,2298.50
4466.32,2775.24,2411.62
3888.79,2416.38,2099.78
2126.46,1321.32,1148.20
17057.20,10598.85,9210.15
2202.43,1368.53,1189.22
1106.27,687.40,597.34
4491.99,2791.20,2425.48
4624.76,2873.69,2497.17
2662.46,1654.38,1437.61
4224.13,2624.75,2280.85
1184.32,735.90,639.48
4230.94,2628.98,2284.53
14824.58,9211.56,8004.63
1051.65,653.47,567.85
7817.01,4857.27,4220.85
9965.04,6191.99,5380.69
4418.12,2745.29,2385.59
7905.38,4912.17,4268.56
8226.75,5111.86,4442.09
9745.60,6055.64,5262.20
9256.22,5751.55,4997.96
809.67,503.11,437.19
3302.78,2052.25,1783.36
10823.57,6725.45,5844.26
3414.27,2121.53,1843.56
2946.20,1830.69,1590.82
1886.69,1172.33,1018.73
2301.53,1430.11,1242.73
4275.17,2656.47,2308.41
8625.23,5359.47,4657.25
9857.88,6125.40,5322.83
4497.60,2794.68,2428.51
2348.22,1459.11,1267.94
5388.22,3348.08,2909.40
7850.76,4878.24,4239.07
3464.40,2152.68,1870.63
4979.75,3094.27,2688.85
8695.65,5403.23,4695.28
2197.61,1365.53,1186.61
8065.66,5011.77,4355.11
1867.04,1160.12,1008.12
4576.01,2843.40,2470.85
10402.71,6463.94,5617.01
1703.03,1058.22,919.57
989.44,614.81,534.26
1733.91,1077.40,936.23
7659.89,4759.64,4136.01
6585.62,4092.12,3555.95
9708.95,6032.86,5242.41
7327.03,4552.81,3956.28
3807.13,2365.64,2055.68
688.76,427.97,371.90
3776.80,2346.79,2039.31
8305.78,5160.97,4484.76
10240.82,6363.35,5529.60
6983.17,4339.14,3770.61
1234.00,766.77,666.31
561.25,348.74,303.05
1901.35,1181.45,1026.65
7823.48,4861.28,4224.34
4696.02,2917.97,2535.65
7182.71,4463.13,3878.36
14752.64,9166.87,7965.79
6633.52,4121.88,3581.82
1298.11,806.61,700.92
8467.59,5261.51,4572.13
16484.02,10242.69,8900.66
18542.59,11521.83,10012.20
9818.71,6101.06,5301.68
3311.23,2057.50,1787.92
3683.09,2288.57,1988.71
2007.70,1247.53,1084.07
13564.57,8428.64,7324.28
7716.64,4794.90,4166.65
11985.88,7447.68,6471.86
5287.29,3285.37,2854.91
9509.76,5909.09,5134.86
14319.69,8897.84,7732.01
10367.94,6442.34,5598.24
10860.82,6748.60,5864.37
10391.68,6457.09,5611.06
1316.63,818.12,710.92
1862.96,1157.59,1005.92
4309.52,2677.81,2326.95
12546.74,7796.18,6774.70
4013.50,2493.88,2167.12
1137.90,707.06,614.42
8478.97,5268.59,4578.28
5185.68,3222.23,2800.04
7526.08,4676.49,4063.76
7613.35,4730.72,4110.88
7694.14,4780.92,4154.50
227.05,141.08,122.59
4656.61,2893.48,2514.37
3675.51,2283.86,1984.62
4168.92,2590.45,2251.04
721.09,448.06,389.36
6750.79,4194.75,3645.14
4488.85,2789.24,2423.78
5916.26,3676.19,3194.53
10024.00,6228.62,5412.53
784.07,487.20,423.37
8732.02,5425.82,4714.91
489.83,304.37,264.49
5507.71,3422.33,2973.93
7692.10,4779.65,4153.40
6908.95,4293.02,3730.53
1363.68,847.35,736.33
3496.72,2172.76,1888.08
7735.89,4806.86,4177.05
7659.51,4759.40,4135.80
1977.24,1228.60,1067.62
690.22,428.88,372.69
2282.69,1418.40,1232.56
4706.41,2924.43,2541.26
8829.31,5486.28,4767.45
4129.09,2565.70,2229.53
17596.93,10934.23,9501.58
7898.64,4907.99,4264.92
4294.17,2668.27,2318.67
599.73,372.66,323.83
1722.18,1070.11,929.90
3891.68,2418.18,2101.34
16081.84,9992.79,8683.50
5042.26,3133.11,2722.60
1677.32,1042.24,905.68
8311.48,5164.52,4487.84
2131.91,1324.71,1151.14
1434.12,891.12,774.36
9906.01,6155.31,5348.82
7216.98,4484.43,3896.86
3552.21,2207.24,1918.04
11032.04,6854.99,5956.82
4633.55,2879.16,2501.92
8356.97,5192.78,4512.40
16868.34,10481.50,9108.17
4229.97,2628.38,2284.00
6575.52,4085.84,3550.50
1003.66,623.64,541.93
5316.54,3303.55,2870.70
6827.47,4242.39,3686.54
8019.84,4983.30,4330.37
13289.24,8257.55,7175.62
2811.84,1747.20,1518.27
15791.94,9812.66,8526.97
10353.79,6433.55,5590.60
5564.44,3457.58,3004.56
13457.39,8362.04,7266.41
2637.28,1638.73,1424.02
1425.14,885.54,769.51
3240.81,2013.74,1749.90
13452.52,8359.01,7263.78
6411.94,3984.20,3462.17
1223.76,760.41,660.77
12576.94,7814.95,6791.01
5416.85,3365.87,2924.86
8074.96,5017.55,4360.13
14239.85,8848.23,7688.91
14695.47,9131.34,7934.92
8039.31,4995.40,4340.88
4768.93,2963.27,2575.01
5021.92,3120.48,2711.62
2160.05,1342.19,1166.33
6223.38,3867.03,3360.35
4869.22,3025.59,2629.17
3440.78,2138.00,1857.87
7436.82,4621.02,4015.56
11337.05,7044.52,6121.52
10227.40,6355.01,5522.36
6730.81,4182.33,3634.35
2428.85,1509.22,1311.48
6661.01,4138.96,3596.66
16921.59,10514.59,9136.93
3776.63,2346.69,2039.22
15210.25,9451.21,8212.88
5782.40,3593.02,3122.25
7551.34,4692.18,4077.40
7551.43,4692.24,4077.45
15280.82,9495.06,8250.98
5599.82,3479.57,3023.66
4169.90,2591.06,2251.57
14419.37,8959.78,7785.84
8161.47,5071.30,4406.84
5846.71,3632.98,3156.97
13407.26,8330.88,7239.34
15123.45,9397.28,8166.01
15936.02,9902.18,8604.76
15086.46,9374.29,8146.04
7708.06,4789.57,4162.02
4566.70,2837.62,2465.82
4192.32,2604.98,2263.67
5204.34,3233.83,2810.12
12025.59,7472.36,6493.30
5219.10,3243.00,2818.09
6585.94,4092.31,3556.12
4007.75,2490.30,2164.01
7829.46,4865.00,4227.57
3258.95,2025.02,1759.69
9656.86,6000.49,5214.28
5779.38,3591.14,3120.62
8487.26,5273.74,4582.75
10501.93,6525.60,5670.59
5008.61,3112.21,2704.43
13698.42,8511.80,7396.55
15025.57,9336.46,8113.16
9592.54,5960.53,5179.56
13821.54,8588.31,7463.03
13833.09,8595.48,7469.27
14976.18,9305.77,8086.49
3729.11,2317.16,2013.56
5364.51,3333.35,2896.60
7590.86,4716.74,4098.74
5003.53,3109.05,2701.69
2542.12,1579.60,1372.63
3160.85,1964.06,1706.72
7077.47,4397.74,3821.53
4028.04,2502.91,2174.97
5916.26,3676.19,3194.53
8914.73,5539.35,4813.57
14126.22,8777.63,7627.55
5840.83,3629.32,3153.79
2553.08,1586.41,1378.56
3956.16,2458.24,2136.15
5436.36,3377.99,2935.40
12753.13,7924.43,6886.14
2837.99,1763.45,1532.39
1600.85,994.72,864.39
2843.45,1766.84,1535.34
3980.74,2473.52,2149.43
8331.64,5177.04,4498.73
5165.10,3209.44,2788.93
9479.89,5890.53,5118.73
4764.06,2960.25,2572.39
5033.51,3127.68,2717.88
6302.61,3916.26,3403.14
7641.85,4748.43,4126.27
6173.56,3836.07,3333.45
6654.78,4135.09,3593.29
3839.16,2385.54,2072.98
2747.85,1707.43,1483.72
8876.41,5515.55,4792.88
5851.85,3636.17,3159.75
9354.90,5812.87,5051.24
5823.54,3618.58,3144.46
14656.15,9106.91,7913.69
3328.97,2068.53,1797.50
4857.01,3018.01,2622.58
5355.08,3327.49,2891.51
7774.01,4830.55,4197.63
7719.13,4796.44,4167.99
1938.85,1204.74,1046.89
8596.14,5341.39,4641.54
10007.29,6218.24,5403.50
799.82,496.98,431.87
6356.72,3949.88,3432.35
14241.07,8848.99,7689.56
11044.79,6862.91,5963.71
12649.58,7860.08,6830.22
15145.99,9411.28,8178.18
7855.94,4881.46,4241.87
7552.22,4692.73,4077.87
5985.34,3719.12,3231.83
8756.89,5441.28,4728.34
8039.26,4995.37,4340.86
6439.71,4001.45,3477.16
690.17,428.85,372.66
15146.05,9411.32,8178.21
8609.95,5349.98,4649.00
15551.10,9663.01,8396.92
16772.52,10421.96,9056.44
4754.85,2954.53,2567.42
5262.99,3270.27,2841.79
7775.61,4831.54,4198.49
9650.04,5996.25,5210.60
6632.60,4121.31,3581.32
2568.73,1596.13,1387.00
4804.27,2985.23,2594.10
8708.83,5411.41,4702.39
6063.77,3767.85,3274.17
13336.50,8286.92,7201.14
13483.29,8378.13,7280.39
13570.03,8432.02,7327.23
5892.70,3661.55,3181.80
8092.93,5028.71,4369.83
3053.39,1897.29,1648.70
9671.83,6009.80,5222.37
5251.76,3263.30,2835.73
4369.81,2715.27,2359.51
9598.70,5964.36,5182.89
4150.65,2579.10,2241.17
5509.98,3423.75,2975.15
3002.33,1865.56,1621.13
5712.32,3549.47,3084.40
4489.25,2789.49,2424.00
7998.20,4969.85,4318.68
7161.85,4450.17,3867.09
7273.09,4519.29,3927.16
5481.03,3405.76,2959.52
4794.85,2979.38,2589.01
13643.11,8477.44,7366.69
7985.94,4962.24,4312.06
5568.72,3460.24,3006.87
6241.12,3878.05,3369.93
3909.83,2429.46,2111.14
1351.16,839.57,729.57
2916.43,1812.18,1574.75
8316.08,5167.37,4490.32
12767.95,7933.64,6894.14
13792.44,8570.22,7447.32
2316.41,1439.35,1250.76
6210.73,3859.17,3353.52
4217.00,2620.32,2277.00
2027.89,1260.07,1094.97
11625.17,7223.55,6277.09
5688.74,3534.82,3071.67
4575.99,2843.39,2470.83
13364.74,8304.46,7216.38
4429.78,2752.54,2391.89
6710.47,4169.69,3623.36
12282.97,7632.28,6632.27
12045.09,7484.47,6503.83
8265.17,5135.74,4462.83
15594.79,9690.15,8420.51
1582.70,983.44,854.59
14203.86,8825.87,7669.47
12771.02,7935.54,6895.80
3693.35,2294.94,1994.25
7186.89,4465.73,3880.61
6272.68,3897.66,3386.98
9491.53,5897.76,5125.02
10801.27,6711.60,5832.22
13848.52,8605.07,7477.60
13718.10,8524.04,7407.18
7531.60,4679.92,4066.74
18365.35,11411.70,9916.50
7950.93,4940.48,4293.16
9130.90,5673.68,4930.29
12215.88,7590.60,6596.05
8276.40,5142.72,4468.90
4894.21,3041.12,2642.66
7935.16,4930.68,4284.64
14219.13,8835.36,7677.71
9451.01,5872.59,5103.14
4784.38,2972.88,2583.36
11317.29,7032.24,6110.85
9371.87,5823.41,5060.40
13654.84,8484.72,7373.02
17673.96,10982.09,9543.18
12222.92,7594.97,6599.85
13546.79,8417.59,7314.68
4265.62,2650.53,2303.25
9177.34,5702.53,4955.37
4594.35,2854.79,2480.75
12061.61,7494.74,6512.75
8129.67,5051.54,4389.67
4410.09,2740.30,2381.26
13068.60,8120.45,7056.48
10319.51,6412.25,5572.09
14118.52,8772.84,7623.39
12454.90,7739.12,6725.11
6855.11,4259.57,3701.46
12146.48,7547.47,6558.58
17229.96,10706.20,9303.44
2099.47,1304.55,1133.62
14314.82,8894.82,7729.39
11344.35,7049.05,6125.46
13357.13,8299.73,7212.27
13357.87,8300.20,7212.67
13175.83,8187.08,7114.38
9346.06,5807.37,5046.47
9056.89,5627.69,4890.33
18156.78,11282.10,9803.88
13533.80,8409.51,7307.67
8692.19,5401.08,4693.41
13923.99,8651.97,7518.35
18228.94,11326.94,9842.84
14431.53,8967.34,7792.40
12492.07,7762.21,6745.18
13294.01,8260.52,7178.19
10399.34,6461.85,5615.19
9960.55,6189.20,5378.27
7879.44,4896.06,4254.56
7240.37,4498.96,3909.49
7820.87,4859.66,4222.93
9714.68,6036.42,5245.51
9842.67,6115.95,5314.61
13502.00,8389.76,7290.50
7826.38,4863.09,4225.91
14010.20,8705.53,7564.90
8918.37,5541.62,4815.54
13813.39,8583.24,7458.63
5134.07,3190.16,2772.17
9509.13,5908.70,5134.52
14245.56,8851.78,7691.98
12319.00,7654.67,6651.73
14270.39,8867.21,7705.40
14931.98,9278.30,8062.62
13101.88,8141.13,7074.45
12598.22,7828.17,6802.50
2913.84,1810.58,1573.35
9049.23,5622.93,4886.19
8797.92,5466.77,4750.50
5786.85,3595.78,3124.65
7663.50,4761.88,4137.96
8352.62,5190.08,4510.05
9587.33,5957.29,5176.75
9151.98,5686.78,4941.68
9857.88,6125.40,5322.83
14040.39,8724.29,7581.20
12917.04,8026.28,6974.64
5561.12,3455.52,3002.76
9084.66,5644.95,4905.33
11256.46,6994.44,6078.00
8304.45,5160.14,4484.04
5526.63,3434.09,2984.14
4143.83,2574.86,2237.49
8988.00,5584.88,4853.13
13748.03,8542.63,7423.34
8084.94,5023.75,4365.52
14423.12,8962.11,7787.86
3006.81,1868.34,1623.55
8189.01,5088.42,4421.71
9489.45,5896.47,5123.89
11009.52,6841.00,5944.66
11412.22,7091.22,6162.11
12341.34,7668.56,6663.79
5322.46,3307.22,2873.90
7601.34,4723.25,4104.40
13659.38,8487.54,7375.47
10246.87,6367.11,5532.87
13511.38,8395.59,7295.56
10633.73,6607.50,5741.76
11301.72,7022.56,6102.44
3011.18,1871.06,1625.91
8658.94,5380.41,4675.45
9436.19,5863.38,5095.13
11522.32,7159.64,6221.56
13132.96,8160.44,7091.23
7742.38,4810.89,4180.55
14338.81,8909.73,7742.34
4914.00,3053.42,2653.35
5160.66,3206.69,2786.54
9290.88,5773.08,5016.67
6659.63,4138.10,3595.91
9273.98,5762.58,5007.55
12831.07,7972.86,6928.23
12961.66,8054.00,6998.74
12962.80,8054.71,6999.35
8407.81,5224.37,4539.86
3708.30,2304.23,2002.32
13546.75,8417.56,7314.66
3178.75,1975.18,1716.39
5977.80,3714.43,3227.75
13566.86,8430.06,7325.52
5081.33,3157.39,2743.70
17993.73,11180.79,9715.84
15488.07,9623.84,8362.89
3000.96,1864.71,1620.39
8581.46,5332.27,4633.62
11146.59,6926.17,6018.68
14128.63,8779.13,7628.85
5139.95,3193.82,2775.35
8253.32,5128.37,4456.44
8881.74,5518.85,4795.75
4977.77,3093.04,2687.78
11903.79,7396.67,6427.53
13665.23,8491.18,7378.64
14073.53,8744.89,7599.10
14152.29,8793.82,7641.62
13722.78,8526.94,7409.71
8693.64,5401.98,4694.19
13919.52,8649.19,7515.94
9181.53,5705.14,4957.63
9794.55,6086.05,5288.63
14345.58,8913.93,7745.99
5840.83,3629.32,3153.79
5322.22,3307.08,2873.77
9098.53,5653.56,4912.81
3670.13,2280.51,1981.71
9403.19,5842.87,5077.32
10273.85,6383.87,5547.43
13508.46,8393.77,7293.98
12814.64,7962.65,6919.35
10764.62,6688.83,5812.43
11308.59,7026.83,6106.15
10483.75,6514.30,5660.77
15142.80,9409.30,8176.46
13506.37,8392.47,7292.86
8171.77,5077.70,4412.40
9669.06,6008.07,5220.87
8955.09,5564.44,4835.36
6138.34,3814.19,3314.44
4607.83,2863.18,2488.03
13662.62,8489.56,7377.22
7898.53,4907.92,4264.87
14398.80,8947.00,7774.73
8058.64,5007.40,4351.32
10420.58,6475.05,5626.66
8769.20,5448.93,4734.99
6998.25,4348.51,3778.75
6419.95,3989.17,3466.49
11529.18,7163.90,6225.26
8201.85,5096.39,4428.64
11753.52,7303.30,6346.40
9568.86,5945.81,5166.77
9561.70,5941.37,5162.91
8291.47,5152.08,4477.03
10903.32,6775.01,5887.32
13298.68,8263.42,7180.71
18567.92,11537.57,10025.87
5993.13,3723.96,3236.03
14165.75,8802.19,7648.89
7502.06,4661.56,4050.79
9504.81,5906.01,5132.19
12921.81,8029.24,6977.22
11475.64,7130.63,6196.35
8265.45,5135.91,4462.99
7340.69,4561.30,3963.66
11194.97,6956.23,6044.80
3133.29,1946.94,1691.84
10093.84,6272.02,5450.24
8475.09,5266.18,4576.18
15373.39,9552.58,8300.97
7601.41,4723.30,4104.43
1547.24,961.41,835.44
11419.82,7095.95,6166.21
13128.13,8157.44,7088.62
9841.17,6115.02,5313.81
3633.02,2257.45,1961.67
6702.32,4164.63,3618.96
12705.29,7894.70,6860.31
645.72,401.23,348.66
8005.55,4974.42,4322.65
13303.28,8266.27,7183.19
7033.79,4370.60,3797.95
2360.24,1466.59,1274.43
13553.94,8422.03,7318.54
14885.99,9249.72,8037.79
8400.20,5219.64,4535.74
13599.09,8450.08,7342.92
12229.97,7599.35,6603.66
7862.74,4885.68,4245.54
14439.36,8972.20,7796.63
10180.08,6325.61,5496.80
1050.40,652.69,567.17
6376.20,3961.98,3442.87
10757.55,6684.43,5808.61
14732.89,9154.59,7955.12
9915.07,6160.94,5353.71
8049.99,5002.03,4346.64
11120.26,6909.81,6004.46
3829.64,2379.63,2067.84
14000.58,8699.56,7559.71
11067.26,6876.87,5975.84
11073.16,6880.54,5979.03
3119.84,1938.58,1684.58
7723.78,4799.34,4170.51
9603.49,5967.33,5185.47
7478.93,4647.19,4038.30
9224.70,5731.96,4980.94
6953.68,4320.82,3754.69
3323.38,2065.05,1794.48
7607.60,4727.14,4107.77
4275.50,2656.67,2308.58
2756.44,1712.77,1488.36
9947.94,6181.36,5371.46
12073.72,7502.26,6519.29
11583.48,7197.64,6254.58
7355.75,4570.65,3971.79
11928.24,7411.86,6440.73
7317.88,4547.12,3951.34
6664.49,4141.12,3598.54
12197.99,7579.48,6586.39
10236.94,6360.94,5527.50
9724.25,6042.37,5250.67
7077.38,4397.68,3821.48
7171.16,4455.95,3872.12
9036.31,5614.90,4879.22
11093.96,6893.46,5990.26
8759.85,5443.12,4729.94
3598.07,2235.74,1942.80
2684.03,1667.78,1449.26
7588.97,4715.57,4097.72
4301.54,2672.85,2322.64
2414.17,1500.10,1303.55
2678.07,1664.08,1446.04
13075.98,8125.03,7060.46
7810.45,4853.19,4217.31
4910.00,3050.93,2651.19
16330.41,10147.25,8817.72
10602.56,6588.12,5724.92
10431.21,6481.65,5632.40
5926.18,3682.36,3199.88
9991.93,6208.70,5395.21
7731.67,4804.24,4174.77
8508.13,5286.71,4594.02
2316.74,1439.56,1250.94
10695.37,6645.80,5775.04
9806.04,6093.19,5294.84
10026.78,6230.35,5414.03
12709.14,7897.09,6862.39
10987.14,6827.09,5932.58
10757.42,6684.35,5808.54
3236.12,2010.83,1747.36
9842.71,6115.98,5314.64
13695.65,8510.08,7395.06
7484.90,4650.90,4041.52
8059.47,5007.92,4351.77
13647.46,8480.14,7369.04
7692.45,4779.86,4153.59
6875.63,4272.32,3712.55
6344.54,3942.32,3425.78
14848.64,9226.52,8017.63
13335.30,8286.17,7200.49
15411.91,9576.52,8321.77
14762.39,9172.92,7971.05
7882.48,4897.95,4256.20
8253.10,5128.24,4456.32
6833.46,4246.11,3689.77
15779.53,9804.95,8520.27
2556.37,1588.46,1380.33
10409.67,6468.27,5620.77
8203.28,5097.28,4429.42
8154.66,5067.07,4403.17
6707.14,4167.63,3621.57
13954.66,8671.02,7534.91
12105.71,7522.14,6536.56
12418.79,7716.68,6705.61
11752.04,7302.38,6345.60
12619.65,7841.49,6814.06
6665.06,4141.48,3598.84
3126.30,1942.59,1688.07
12783.02,7943.00,6902.28
13540.02,8413.38,7311.02
2884.65,1792.44,1557.59
8707.88,5410.83,4701.88
9474.37,5887.10,5115.75
6648.08,4130.92,3589.67
11934.40,7415.69,6444.06
13553.97,8422.05,7318.56
13603.65,8452.92,7345.38
11683.71,7259.92,6308.70
3248.24,2018.36,1753.91
14059.83,8736.37,7591.70
7533.80,4681.29,4067.93
5602.34,3481.13,3025.02
13639.58,8475.24,7364.79
7623.66,4737.12,4116.45
6291.77,3909.53,3397.29
7267.08,4515.55,3923.91
15637.86,9716.92,8443.77
11560.88,7183.60,6242.38
8450.25,5250.74,4562.77
5722.87,3556.03,3090.10
12187.82,7573.16,6580.90
3059.86,1901.31,1652.19
3464.89,2152.98,1870.89
3527.26,2191.74,1904.57
7605.44,4725.80,4106.61
10003.10,6215.64,5401.24
11325.31,7037.22,6115.18
6920.75,4300.36,3736.91
8074.04,5016.98,4359.63
14449.16,8978.29,7801.92
7701.81,4785.69,4158.65
12342.37,7669.19,6664.35
15586.08,9684.74,8415.81
7650.64,4753.89,4131.01
13383.50,8316.12,7226.51
7614.23,4731.26,4111.35
13137.11,8163.02,7093.47
13561.69,8426.84,7322.73
13342.75,8290.80,7204.51
6632.23,4121.08,3581.12
11822.72,7346.30,6383.76
11080.65,6885.19,5983.07
4575.11,2842.84,2470.36
13534.60,8410.01,7308.10
7043.41,4376.57,3803.14
7099.17,4411.22,3833.25
9924.38,6166.72,5358.74
11045.61,6863.43,5964.15
14249.54,8854.25,7694.13
9124.71,5669.83,4926.95
11578.74,7194.70,6252.02
3742.59,2325.54,2020.84
11794.48,7328.75,6368.51
7877.54,4894.87,4253.53
9201.52,5717.56,4968.42
10714.41,6657.62,5785.32
11228.84,6977.28,6063.09
12237.49,7604.02,6607.72
8266.17,5136.36,4463.37
1166.22,724.65,629.71
9863.25,6128.74,5325.73
6386.59,3968.44,3448.48
3274.06,2034.40,1767.85
571.81,355.31,308.75
8466.47,5260.82,4571.53
8577.38,5329.73,4631.41
10776.60,6696.27,5818.90
3471.43,2157.05,1874.42
10800.42,6711.07,5831.76
11960.33,7431.81,6458.06
12948.00,8045.52,6991.36
8406.62,5223.63,4539.21
8556.66,5316.86,4620.23
8968.23,5572.60,4842.46
14113.09,8769.47,7620.46
8329.60,5175.77,4497.62
13987.51,8691.43,7552.65
11681.84,7258.76,6307.69
7789.25,4840.02,4205.86
7238.13,4497.57,3908.28
9836.43,6112.08,5311.25
8625.69,5359.76,4657.50
8456.06,5254.35,4565.91
9309.42,5784.60,5026.68
7430.52,4617.11,4012.16
6352.56,3947.30,3430.11
8275.31,5142.04,4468.31
15862.30,9856.38,8564.96
12751.80,7923.60,6885.42
7386.39,4589.69,3988.33
15991.35,9936.56,8634.64
9222.34,5730.50,4979.67
8398.36,5218.50,4534.75
8738.25,5429.70,4718.28
13471.70,8370.93,7274.14
7137.62,4435.11,3854.01
9096.29,5652.17,4911.60
12694.09,7887.74,6854.26
5457.88,3391.37,2947.02
10712.08,6656.18,5784.06
12667.04,7870.93,6839.65
10795.55,6708.04,5829.13
11797.91,7330.88,6370.36
13248.67,8232.34,7153.71
5816.39,3614.13,3140.60
9390.24,5834.82,5070.32
13619.64,8462.85,7354.02
13625.06,8466.22,7356.94
8347.33,5186.79,4507.20
8054.64,5004.92,4349.16
9164.73,5694.70,4948.56
13201.79,8203.21,7128.39
12300.76,7643.34,6641.88
6949.02,4317.92,3752.17
9004.45,5595.10,4862.01
13291.28,8258.82,7176.72
9629.22,5983.32,5199.36
7709.65,4790.55,4162.88
12681.59,7879.97,6847.51
11964.56,7434.44,6460.35
6533.77,4059.90,3527.95
9066.99,5633.97,4895.78
6452.47,4009.38,3484.05
7629.55,4740.78,4119.63
11595.64,7205.20,6261.15
13060.74,8115.57,7052.24
8285.59,5148.43,4473.86
11093.01,6892.88,5989.75
7302.06,4537.29,3942.80
12351.34,7674.77,6669.19
8921.65,5543.66,4817.31
9304.63,5781.63,5024.10
7549.14,4690.82,4076.21
11599.69,7207.71,6263.33
10004.08,6216.25,5401.77
8124.37,5048.25,4386.81
7773.54,4830.25,4197.37
7591.07,4716.87,4098.85
7870.72,4890.64,4249.85
5610.74,3486.35,3029.56
10730.82,6667.83,5794.18
8798.71,5467.26,4750.92
9204.65,5719.50,4970.11
7027.67,4366.79,3794.64
9516.42,5913.23,5138.46
8478.97,5268.59,4578.28
12109.32,7524.39,6538.51
7948.25,4938.82,4291.71
4977.77,3093.04,2687.78
6637.44,4124.31,3583.93
9488.31,5895.76,5123.28
13131.53,8159.56,7090.46
6307.40,3919.24,3405.72
9558.94,5939.65,5161.41
7369.31,4579.07,3979.11
6809.12,4230.99,3676.63
9281.33,5767.15,5011.52
6812.94,4233.36,3678.69
12025.60,7472.36,6493.30
7964.80,4949.10,4300.65
7059.70,4386.69,3811.93
7582.35,4711.45,4094.14
8486.63,5273.35,4582.41
14766.91,9175.73,7973.50
14580.56,9059.94,7872.87
10085.45,6266.81,5445.71
11361.09,7059.45,6134.50
11412.71,7091.53,6162.37
9152.70,5687.23,4942.06
10614.69,6595.66,5731.47
14531.89,9029.70,7846.59
6640.31,4126.10,3585.48
5569.07,3460.46,3007.06
7832.45,4866.86,4229.19
8433.36,5240.25,4553.65
9115.62,5664.19,4922.04
15914.00,9888.50,8592.87
9894.07,6147.89,5342.37
15658.72,9729.87,8455.03
7436.89,4621.07,4015.60
8460.57,5257.16,4568.34
7266.87,4515.42,3923.79
8829.01,5486.09,4767.28
9244.78,5744.44,4991.78
11660.73,7245.64,6296.29
8014.35,4979.88,4327.40
11518.45,7157.23,6219.46
12080.48,7506.46,6522.94
6471.31,4021.09,3494.23
15991.32,9936.55,8634.62
8351.02,5189.08,4509.19
8676.51,5391.33,4684.94
9089.55,5647.99,4907.97
13159.34,8176.84,7105.48
10867.35,6752.66,5867.90
7957.95,4944.84,4296.95
7342.86,4562.64,3964.83
8562.26,5320.34,4623.25
11292.91,7017.09,6097.68
9915.03,6160.91,5353.69
8194.44,5091.79,4424.65
13304.83,8267.24,7184.03
8741.14,5431.49,4719.84
9151.43,5686.44,4941.38
9222.62,5730.67,4979.81
8252.10,5127.62,4455.78
13036.05,8100.22,7038.90
10093.11,6271.57,5449.84
10933.67,6793.87,5903.71
8168.42,5075.62,4410.59
12990.33,8071.82,7014.22
11724.30,7285.14,6330.62
8708.83,5411.41,4702.39
10156.67,6311.06,5484.16
7797.36,4845.05,4210.24
8125.92,5049.21,4387.65
8024.56,4986.23,4332.92
12582.20,7818.22,6793.84
15957.18,9915.33,8616.19
15045.21,9348.66,8123.76
8474.09,5265.56,4575.64
12535.95,7789.48,6768.87
11336.31,7044.05,6121.12
10252.57,6370.65,5535.94
15928.73,9897.65,8600.83
6554.48,4072.76,3539.14
7887.13,4900.83,4258.71
9313.72,5787.28,5029.01
8004.70,4973.89,4322.19
9108.23,5659.59,4918.05
12314.80,7652.06,6649.46
9300.90,5779.31,5022.09
9453.62,5874.21,5104.55
9924.76,6166.96,5358.94
9030.86,5611.52,4876.28
8647.89,5373.55,4669.48
8381.43,5207.98,4525.61
13023.20,8092.24,7031.97
7501.32,4661.11,4050.39
6778.86,4212.19,3660.29
9753.02,6060.24,5266.21
7311.40,4543.09,3947.84
3705.56,2302.53,2000.84
5970.24,3709.73,3223.67
11581.31,7196.29,6253.40
14128.93,8779.31,7629.01
7704.51,4787.36,4160.10
9189.40,5710.03,4961.88
11163.06,6936.40,6027.57
14815.30,9205.80,7999.62
13889.64,8630.62,7499.80
9754.48,6061.15,5267.00
12668.28,7871.70,6840.32
3938.28,2447.14,2126.50
12629.95,7847.89,6819.63
7393.20,4593.92,3992.01
13177.13,8187.89,7115.08
10151.34,6307.75,5481.29
2321.56,1442.55,1253.54
13975.98,8684.27,7546.42
15107.67,9387.47,8157.49
12392.22,7700.17,6691.27
4267.13,2651.47,2304.07
9247.02,5745.83,4992.99
2634.32,1636.89,1422.42
10543.02,6551.13,5692.78
14357.51,8921.34,7752.43
6831.93,4245.16,3688.95
1119.98,695.93,604.74
15412.00,9576.57,8321.81
10943.50,6799.98,5909.02
15350.12,9538.12,8288.40
10410.08,6468.52,5620.99
15679.00,9742.48,8465.98
3603.56,2239.15,1945.77
12713.10,7899.56,6864.53
17081.39,10613.89,9223.21
12003.60,7458.69,6481.43
6609.99,4107.26,3569.11
12456.67,7740.21,6726.06
3177.21,1974.22,1715.55
12723.59,7906.07,6870.19
1935.05,1202.39,1044.84
10264.82,6378.26,5542.56
12143.99,7545.92,6557.23
7129.68,4430.18,3849.72
10989.29,6828.43,5933.74
9509.33,5908.82,5134.63
4024.05,2500.43,2172.81
6939.85,4312.22,3747.22
3134.95,1947.97,1692.74
1236.08,768.07,667.43
14420.78,8960.66,7786.60
9885.36,6142.48,5337.67
9843.07,6116.20,5314.83
9196.21,5714.26,4965.56
11936.60,7417.06,6445.25
12271.56,7625.20,6626.11
8749.82,5436.88,4724.52
9726.91,6044.02,5252.11
10729.56,6667.04,5793.50
11282.20,7010.43,6091.90
4075.40,2532.34,2200.54
1059.74,658.49,572.21
9182.08,5705.48,4957.92
4638.82,2882.43,2504.76
2815.86,1749.69,1520.44
1400.77,870.40,756.35
14154.31,8795.08,7642.71
10361.59,6438.39,5594.81
7451.22,4629.97,4023.34
16844.98,10466.98,9095.56
12987.35,8069.97,7012.61
8471.66,5264.05,4574.33
12524.86,7782.59,6762.88
10240.82,6363.35,5529.60
10156.80,6311.14,5484.23
2360.60,1466.81,1274.62
11301.72,7022.56,6102.44
12109.67,7524.60,6538.70
12563.08,7806.34,6783.52
14816.28,9206.41,8000.15
13543.29,8415.41,7312.79
15226.95,9461.59,8221.90
12384.81,7695.56,6687.26
10027.14,6230.57,5414.22
14224.53,8838.71,7680.63
10240.58,6363.20,5529.47
9417.21,5851.58,5084.89
8745.35,5434.11,4722.11
16519.68,10264.85,8919.91
16623.78,10329.54,8976.12
9661.01,6003.08,5216.53
10718.27,6660.02,5787.40
8658.54,5380.17,4675.24
17571.71,10918.55,9487.96
12087.98,7511.12,6526.99
10759.46,6685.62,5809.64
9017.15,5603.00,4868.87
15035.15,9342.41,8118.33
14653.86,9105.48,7912.45
13435.00,8348.12,7254.32
14751.03,9165.86,7964.92
9215.67,5726.35,4976.07
3199.34,1987.98,1727.51
11103.62,6899.47,5995.47
1597.28,992.50,862.46
11382.84,7072.97,6146.24
9195.13,5713.59,4964.97
11070.05,6878.61,5977.35
14047.11,8728.47,7584.83
2408.50,1496.57,1300.49
12826.43,7969.98,6925.72
6698.72,4162.39,3617.02
4256.61,2644.94,2298.39
14221.58,8836.88,7679.04
10179.61,6325.32,5496.55
8672.19,5388.65,4682.61
14117.12,8771.97,7622.63
11002.74,6836.78,5941.00
6640.31,4126.10,3585.48
3841.60,2387.06,2074.30
4098.42,2546.64,2212.97
4096.65,2545.54,2212.02
13872.56,8620.01,7490.58
10619.38,6598.58,5734.01
9270.52,5760.43,5005.68
14656.15,9106.91,7913.69
16609.01,10320.36,8968.15
10201.23,6338.75,5508.23
14758.13,9170.27,7968.75
10153.51,6309.10,5482.45
14595.70,9069.35,7881.05
14781.40,9184.73,7981.32
9063.01,5631.49,4893.63
13449.92,8357.39,7262.38
4985.23,3097.68,2691.81
9584.73,5955.67,5175.34
9628.97,5983.16,5199.23
15744.46,9783.16,8501.33
10857.57,6746.58,5862.62
4145.99,2576.20,2238.65
14350.20,8916.80,7748.49
10329.71,6418.58,5577.60
11753.86,7303.51,6346.58
13215.65,8211.82,7135.88
14314.06,8894.34,7728.97
10818.03,6722.01,5841.27
2008.62,1248.10,1084.57
12368.69,7685.55,6678.56
8929.16,5548.32,4821.36
3022.23,1877.92,1631.87
3031.95,1883.96,1637.12
7553.72,4693.66,4078.68
13155.46,8174.42,7103.38
3593.13,2232.67,1940.13
14439.13,8972.06,7796.51
2422.70,1505.40,1308.15
3094.91,1923.09,1671.12
4343.19,2698.73,2345.14
5202.51,3232.69,2809.13
1767.91,1098.53,954.59
12853.93,7987.06,6940.57
12633.92,7850.36,6821.77
3723.97,2313.97,2010.78
422.98,262.83,228.39
4413.62,2742.50,2383.16
1733.60,1077.21,936.07
10993.41,6830.99,5935.97
4625.57,2874.20,2497.61
11265.99,7000.36,6083.15
3333.33,2071.24,1799.86
5927.85,3683.40,3200.78
11189.69,6952.95,6041.95
7580.84,4710.52,4093.33
2929.43,1820.26,1581.76
5095.94,3166.47,2751.59
3642.11,2263.11,1966.58
6271.61,3897.00,3386.40
4420.26,2746.62,2386.75
10289.72,6393.73,5556.00
7354.62,4569.95,3971.18
3762.83,2338.12,2031.77
4039.10,2509.78,2180.94
3608.75,2242.37,1948.57
13941.92,8663.11,7528.04
6595.66,4098.35,3561.37
12840.11,7978.48,6933.11
4064.83,2525.77,2194.83
4682.54,2909.60,2528.37
4683.91,2910.45,2529.11
13436.84,8349.26,7255.31
3608.70,2242.34,1948.54
1733.32,1077.04,935.92
11368.14,7063.84,6138.31
5108.30,3174.15,2758.26
4418.64,2745.62,2385.88
11045.50,6863.35,5964.09
12079.58,7505.90,6522.45
13534.60,8410.01,7308.10
13605.01,8453.76,7346.12
4678.79,2907.27,2526.35
1935.74,1202.81,1045.21
1319.86,820.12,712.66
4224.24,2624.82,2280.91
4286.29,2663.38,2314.41
4681.95,2909.23,2528.05
1503.92,934.50,812.05
4833.54,3003.42,2609.90
1898.47,1179.65,1025.09
6713.90,4171.82,3625.21
4168.09,2589.93,2250.59
5433.87,3376.45,2934.05
2623.87,1630.40,1416.78
13639.97,8475.49,7365.00
6589.56,4094.56,3558.08
11174.99,6943.82,6034.01
11852.72,7364.94,6399.96
13413.39,8334.69,7242.65
6779.15,4212.37,3660.45
3515.61,2184.50,1898.27
6522.79,4053.07,3522.02
7348.93,4566.41,3968.10
985.18,612.16,531.96
5401.14,3356.12,2916.38
3675.51,2283.86,1984.62
5868.12,3646.28,3168.53
12271.03,7624.87,6625.83
8693.64,5401.98,4694.19
3619.41,2248.99,1954.32
1327.29,824.74,716.68
3079.95,1913.79,1663.04
11499.78,7145.63,6209.39
534.18,331.92,288.43
3245.80,2016.85,1752.59
5799.30,3603.52,3131.37
1491.00,926.46,805.07
6347.48,3944.14,3427.37
4018.38,2496.91,2169.75
6443.34,4003.71,3479.13
7779.75,4834.11,4200.73
3772.85,2344.34,2037.18
4455.69,2768.64,2405.88
4849.28,3013.20,2618.40
4526.35,2812.55,2444.04
6347.24,3943.99,3427.23
3661.43,2275.11,1977.01
5878.31,3652.61,3174.03
3314.88,2059.77,1789.89
6480.26,4026.64,3499.06
5121.99,3182.66,2765.65
13872.56,8620.01,7490.58
5806.15,3607.77,3135.07
5234.69,3252.68,2826.50
5835.65,3626.11,3151.00
1209.92,751.81,653.31
6152.10,3822.74,3321.87
3849.08,2391.71,2078.34
4660.37,2895.82,2516.40
12006.63,7460.58,6483.06
14916.15,9268.46,8054.07
13474.73,8372.81,7275.77
4826.44,2999.01,2606.07
4499.02,2795.56,2429.28
4793.65,2978.64,2588.36
2736.16,1700.17,1477.41
13093.43,8135.88,7069.88
12505.97,7770.85,6752.68
13957.64,8672.88,7536.52
7771.25,4828.83,4196.14
3751.56,2331.11,2025.68
5422.36,3369.30,2927.84
6681.12,4151.45,3607.52
488.14,303.32,263.58
2878.40,1788.56,1554.21
10093.11,6271.57,5449.84
3464.92,2153.00,1870.91
5080.60,3156.94,2743.30
6752.13,4195.58,3645.86
3253.19,2021.44,1756.58
3394.03,2108.95,1832.63
6584.75,4091.57,3555.48
3053.39,1897.29,1648.70
6653.80,4134.48,3592.76
3675.00,2283.54,1984.34
6026.13,3744.46,3253.85
3720.89,2312.05,2009.12
2522.49,1567.41,1362.04
5952.16,3698.50,3213.91
5024.08,3121.82,2712.78
4963.52,3084.19,2680.09
2735.43,1699.72,1477.01
1791.55,1113.22,967.36
10928.68,6790.77,5901.02
5928.74,3683.95,3201.26
4448.37,2764.09,2401.93
4252.21,2642.20,2296.01
1407.34,874.48,759.91
2583.55,1605.34,1395.01
5740.42,3566.93,3099.58
5262.72,3270.10,2841.64
15717.59,9766.46,8486.82
11304.79,7024.47,6104.10
771.79,479.57,416.73
3714.58,2308.13,2005.71
2128.51,1322.59,1149.30
1840.57,1143.67,993.83
3108.91,1931.79,1678.68
3183.17,1977.93,1718.77
1639.19,1018.55,885.09
4943.46,3071.73,2669.26
12853.28,7986.66,6940.22
10841.33,6736.49,5853.85
12667.81,7871.41,6840.07
2785.28,1730.69,1503.93
11829.55,7350.54,6387.45
1070.61,665.24,578.08
4888.51,3037.58,2639.58
13885.08,8627.79,7497.34
9987.06,6205.67,5392.58
8522.62,5295.71,4601.85
6755.48,4197.66,3647.67
4618.40,2869.74,2493.74
12292.01,7637.90,6637.16
1656.27,1029.16,894.31
13335.52,8286.31,7200.61
6113.96,3799.04,3301.27
11959.94,7431.57,6457.85
15841.26,9843.30,8553.59
11847.05,7361.42,6396.90
4121.22,2560.81,2225.28
15791.52,9812.40,8526.74
7006.83,4353.84,3783.39
10033.84,6234.74,5417.84
7509.96,4666.47,4055.05
736.82,457.84,397.85
6199.26,3852.04,3347.33
7664.18,4762.30,4138.33
17390.12,10805.72,9389.91
16366.57,10169.71,8837.24
8635.61,5365.92,4662.85
11146.17,6925.91,6018.45
16964.55,10541.28,9160.12
7155.11,4445.98,3863.45
8017.97,4982.13,4329.36
4970.66,3088.63,2683.94
7882.23,4897.79,4256.07
14250.96,8855.13,7694.90
7931.93,4928.67,4282.90
2479.00,1540.38,1338.56
17607.38,10940.72,9507.22
4076.62,2533.10,2201.20
9710.57,6033.87,5243.29
7153.34,4444.88,3862.50
7154.39,4445.53,3863.06
5266.84,3272.66,2843.87
6437.23,3999.91,3475.82
4411.55,2741.21,2382.05
541.71,336.60,292.50
4060.91,2523.33,2192.72
5963.65,3705.64,3220.12
6879.37,4274.64,3714.56
10127.42,6292.89,5468.37
10413.03,6470.36,5622.59
13193.60,8198.12,7123.98
10680.81,6636.75,5767.18
6776.20,4210.53,3658.85
11915.81,7404.14,6434.02
5301.44,3294.16,2862.55
6116.19,3800.43,3302.48
14939.89,9283.22,8066.89
4083.98,2537.67,2205.17
6139.82,3815.11,3315.24
5204.05,3233.65,2809.96
3404.49,2115.45,1838.28
5226.22,3247.42,2821.93
5836.32,3626.52,3151.36
18218.30,11320.33,9837.09
9894.92,6148.42,5342.83
15870.32,9861.36,8569.29
12312.10,7650.38,6648.00
11618.90,7219.65,6273.70
10752.71,6681.42,5806.00
5731.21,3561.21,3094.61
5426.34,3371.77,2929.99
18324.12,11386.08,9894.23
14007.12,8703.62,7563.24
10824.95,6726.31,5845.01
9490.55,5897.16,5124.49
7043.22,4376.45,3803.03
11815.67,7341.92,6379.95
14353.97,8919.14,7750.52
16983.66,10553.16,9170.44
10866.42,6752.08,5867.40
7530.07,4678.97,4065.91
5211.14,3238.05,2813.79
18620.36,11570.15,10054.19
8087.24,5025.18,4366.76
9825.63,6105.36,5305.41
8659.12,5380.53,4675.55
16174.85,10050.59,8733.72
13483.86,8378.48,7280.70
5902.02,3667.34,3186.83
5734.51,3563.26,3096.39
10715.33,6658.20,5785.82
7185.15,4464.64,3879.67
16442.30,10216.77,8878.13
10745.24,6676.79,5801.97
10010.96,6220.52,5405.48
7674.44,4768.68,4143.87
8112.49,5040.87,4380.39
12657.55,7865.04,6834.53
6696.99,4161.32,3616.09
15393.91,9565.33,8312.05
15368.43,9549.50,8298.29
4524.79,2811.57,2443.19
14008.00,8704.17,7563.72
11639.34,7232.35,6284.74
5612.13,3487.21,3030.31
6821.81,4238.88,3683.48
7045.69,4377.99,3804.37
10603.63,6588.79,5725.50
16666.53,10356.10,8999.20
7664.23,4762.33,4138.35
18323.04,11385.41,9893.65
14234.92,8845.17,7686.24
4841.56,3008.40,2614.23
16074.94,9988.51,8679.77
966.58,600.60,521.91
3215.11,1997.77,1736.02
18623.43,11572.06,10055.85
5241.54,3256.94,2830.21
16519.10,10264.49,8919.60
12020.14,7468.97,6490.36
13350.06,8295.35,7208.46
8768.06,5448.22,4734.37
4668.02,2900.57,2520.53
4261.67,2648.08,2301.12
4180.60,2597.71,2257.35
9640.81,5990.52,5205.62
6503.59,4041.14,3511.66
11539.39,7170.25,6230.77
5345.21,3321.36,2886.18
10228.24,6355.53,5522.81
11254.02,6992.92,6076.69
5166.64,3210.40,2789.76
14585.43,9062.97,7875.50
16232.47,10086.39,8764.83
17383.02,10801.31,9386.08
10505.86,6528.04,5672.71
7698.54,4783.65,4156.88
8243.00,5121.96,4450.87
9219.54,5728.76,4978.15
9792.78,6084.95,5287.68
3213.57,1996.82,1735.19
7693.63,4780.60,4154.23
9537.18,5926.13,5149.66
10918.89,6784.68,5895.73
13876.43,8622.41,7492.67
16627.03,10331.56,8977.88
6285.55,3905.66,3393.92
12465.31,7745.58,6730.73
3929.75,2441.84,2121.90
12269.09,7623.66,6624.78
9016.79,5602.77,4868.68
10900.75,6773.41,5885.94
12967.72,8057.77,7002.01
13771.25,8557.06,7435.88
9122.75,5668.62,4925.89
11182.06,6948.21,6037.83
6581.81,4089.75,3553.89
10328.54,6417.86,5576.97
10149.48,6306.59,5480.28
7423.35,4612.66,4008.29
6428.77,3994.65,3471.26
1573.49,977.72,849.62
13926.52,8653.54,7519.72
4160.66,2585.31,2246.58
12623.12,7843.64,6815.94
10938.88,6797.11,5906.52
8051.24,5002.81,4347.32
7972.85,4954.10,4305.00
7507.97,4665.24,4053.98
7433.29,4618.84,4013.66
2457.69,1527.14,1327.04
10827.39,6727.83,5846.32
7686.39,4776.10,4150.32
8125.06,5048.68,4387.18
10820.12,6723.31,5842.40
8307.58,5162.09,4485.74
12649.12,7859.80,6829.98
6258.78,3889.03,3379.47
8662.04,5382.34,4677.13
7522.11,4674.02,4061.62
10421.20,6475.43,5627.00
8832.45,5488.23,4769.14
8842.36,5494.39,4774.49
13004.00,8080.31,7021.60
7803.60,4848.93,4213.61
258.75,160.78,139.72
7890.85,4903.14,4260.72
13482.63,8377.72,7280.04
41.17,25.58,22.23
9917.36,6162.36,5354.95
7626.76,4739.05,4118.12
8914.11,5538.97,4813.24
2489.91,1547.16,1344.44
8856.19,5502.98,4781.96
9266.92,5758.20,5003.74
3750.58,2330.50,2025.15
13060.45,8115.39,7052.08
7191.99,4468.89,3883.36
3504.53,2177.61,1892.30
6656.20,4135.97,3594.06
4442.78,2760.62,2398.91
9217.25,5727.33,4976.92
11664.19,7247.79,6298.16
11456.82,7118.94,6186.19
2222.05,1380.72,1199.81
2755.68,1712.30,1487.95
2749.42,1708.41,1484.57
12703.19,7893.39,6859.17
8052.33,5003.49,4347.91
6795.41,4222.47,3669.23
7689.47,4778.01,4151.98
4522.73,2810.30,2442.08
9174.35,5700.68,4953.75
10698.44,6647.70,5776.70
8079.89,5020.61,4362.79
11664.84,7248.19,6298.51
13382.54,8315.53,7226.00
3890.57,2417.49,2100.74
4032.56,2505.72,2177.41
4714.33,2929.35,2545.53
9477.81,5889.24,5117.61
14170.16,8804.93,7651.27
9558.01,5939.07,5160.91
8683.90,5395.92,4688.93
4457.53,2769.78,2406.87
3534.88,2196.47,1908.68
7691.49,4779.27,4153.07
6516.23,4049.00,3518.48
8820.87,5481.03,4762.89
4639.35,2882.76,2505.05
15374.52,9553.28,8301.57
7100.70,4412.17,3834.07
10580.20,6574.23,5712.85
13553.70,8421.88,7318.42
5991.39,3722.88,3235.09
9972.73,6196.77,5384.84
11910.20,7400.65,6430.99
13200.48,8202.40,7127.69
10655.61,6621.09,5753.57
8195.80,5092.63,4425.38
10896.76,6770.93,5883.78
8574.02,5327.65,4629.60
7254.45,4507.71,3917.09
6786.75,4217.09,3664.55
9401.82,5842.02,5076.58
6440.78,4002.11,3477.74
7692.10,4779.65,4153.40
5116.57,3179.29,2762.72
12319.71,7655.11,6652.11
13508.46,8393.77,7293.98
9542.71,5929.57,5152.65
6469.00,4019.65,3492.98
2872.81,1785.08,1551.19
13199.58,8201.84,7127.20
6481.73,4027.56,3499.85
8984.66,5582.81,4851.33
9394.31,5837.35,5072.52
6675.87,4148.20,3604.68
402.78,250.28,217.48
9202.97,5718.46,4969.21
5515.67,3427.28,2978.22
10978.27,6821.58,5927.79
8948.35,5560.24,4831.72
8659.00,5380.45,4675.48
8176.37,5080.56,4414.88
2127.67,1322.07,1148.85
1430.05,888.59,772.17
8521.72,5295.15,4601.36
5907.12,3670.52,3189.59
5792.81,3599.49,3127.87
7003.35,4351.68,3781.51
6823.20,4239.74,3684.23
3058.82,1900.66,1651.63
14595.70,9069.35,7881.05
11319.78,7033.79,6112.19
8170.98,5077.21,4411.98
7636.82,4745.30,4123.55
7604.49,4725.21,4106.09
439.46,273.07,237.29
6390.00,3970.56,3450.32
1180.19,733.34,637.25
14709.39,9139.99,7942.44
8523.53,5296.28,4602.34
8977.05,5578.08,4847.22
11420.41,7096.31,6166.53
13537.27,8411.67,7309.54
11804.83,7335.18,6374.10
13022.71,8091.93,7031.70
5197.91,3229.83,2806.65
4470.72,2777.97,2413.99
9657.59,6000.95,5214.68
14322.12,8899.35,7733.33
41.13,25.55,22.21
12011.20,7463.41,6485.53
8134.42,5054.49,4392.23
12207.74,7585.54,6591.65
12349.73,7673.77,6668.32
8430.37,5238.39,4552.04
10906.07,6776.72,5888.81
10978.16,6821.51,5927.73
8699.24,5405.46,4697.22
8150.84,5064.70,4401.10
6319.41,3926.70,3412.21
10325.61,6416.04,5575.38
6202.90,3854.30,3349.30
7806.72,4850.87,4215.29
15957.18,9915.33,8616.19
2654.17,1649.22,1433.14
10921.73,6786.45,5897.26
10598.31,6585.48,5722.63
10581.53,6575.06,5713.57
7912.31,4916.48,4272.31
3703.33,2301.14,1999.64
5952.16,3698.50,3213.91
6678.28,4149.69,3605.98
7885.19,4899.63,4257.66
3734.53,2320.53,2016.49
5874.47,3650.23,3171.96
7998.20,4969.85,4318.68
8638.65,5367.81,4664.50
8290.63,5151.56,4476.58
9856.46,6124.52,5322.06
8102.11,5034.42,4374.79
3598.80,2236.19,1943.20
928.68,577.06,501.45
8062.01,5009.50,4353.14
3421.33,2125.92,1847.37
4621.20,2871.48,2495.25
9628.90,5983.12,5199.19
33.29,20.68,17.97
9506.05,5906.78,5132.86
8347.45,5186.87,4507.26
6643.63,4128.16,3587.27
8304.55,5160.21,4484.10
8967.63,5572.22,4842.13
4587.15,2850.32,2476.86
14222.64,8837.54,7679.61
10490.68,6518.60,5664.51
6254.21,3886.19,3377.00
7205.75,4477.44,3890.79
7315.19,4545.45,3949.88
15081.33,9371.10,8143.27
2936.04,1824.37,1585.33
8475.54,5266.46,4576.42
13128.77,8157.84,7088.97
6212.01,3859.96,3354.21
9024.54,5607.59,4872.86
16821.87,10452.63,9083.08
13028.65,8095.63,7034.91
5320.34,3305.91,2872.76
7925.58,4924.73,4279.47
8575.09,5328.32,4630.18
11018.42,6846.53,5949.47
15112.79,9390.65,8160.25
4888.69,3037.69,2639.68
1148.29,713.51,620.03
3248.39,2018.46,1753.99
1111.31,690.53,600.06
2610.94,1622.36,1409.80
5781.22,3592.28,3121.61
9185.66,5707.71,4959.86
1442.24,896.17,778.75
12476.56,7752.57,6736.80
14495.94,9007.36,7827.18
1604.19,996.80,866.19
9809.38,6095.26,5296.64
2235.62,1389.15,1207.14
5626.19,3495.95,3037.90
990.82,615.67,535.00
9284.54,5769.15,5013.25
2515.37,1562.98,1358.19
5339.31,3317.69,2882.99
9167.54,5696.44,4950.07
1272.76,790.86,687.24
7214.59,4482.94,3895.57
10365.93,6441.09,5597.16
11251.99,6991.66,6075.59
7348.06,4565.87,3967.63
8982.74,5581.62,4850.29
854.71,531.09,461.50
6368.00,3956.89,3438.45
4825.63,2998.51,2605.63
1607.20,998.67,867.82
7657.10,4757.90,4134.51
4544.86,2824.05,2454.03
8162.94,5072.22,4407.64
6099.25,3789.90,3293.33
4203.37,2611.85,2269.64
5932.77,3686.45,3203.44
3548.86,2205.16,1916.23
13367.45,8306.15,7217.85
6832.08,4245.26,3689.03
11103.80,6899.58,5995.57
5837.28,3627.12,3151.88
5230.18,3249.88,2824.07
5234.14,3252.34,2826.21
11497.49,7144.21,6208.15
1521.41,945.36,821.50
527.36,327.68,284.75
10682.80,6637.98,5768.25
4785.52,2973.58,2583.97
2301.35,1429.99,1242.63
9277.01,5764.47,5009.19
11425.29,7099.35,6169.16
11829.07,7350.24,6387.19
11575.95,7192.96,6250.51
4691.74,2915.31,2533.33
3481.18,2163.10,1879.69
2793.69,1735.92,1508.47
2246.52,1395.92,1213.02
15927.12,9896.66,8599.96
2320.36,1441.80,1252.89
2599.62,1615.33,1403.68
3305.14,2053.72,1784.63
4992.44,3102.16,2695.70
1023.86,636.20,552.84
5628.88,3497.63,3039.35
2039.97,1267.58,1101.49
5050.00,3137.93,2726.78
13902.35,8638.52,7506.67
817.29,507.84,441.30
9538.28,5926.82,5150.26
11592.47,7203.23,6259.44
5697.29,3540.13,3076.29
9609.53,5971.08,5188.73
9923.14,6165.95,5358.06
11397.62,7082.15,6154.22
7698.71,4783.76,4156.97
1392.66,865.36,751.98
4408.12,2739.08,2380.19
9101.73,5655.55,4914.54
1694.09,1052.66,914.73
1260.05,782.96,680.37
3286.69,2042.25,1774.67
925.74,575.23,499.86
1722.18,1070.11,929.90
5284.21,3283.46,2853.25
10307.90,6405.03,5565.82
8769.20,5448.93,4734.99
3209.77,1994.46,1733.14
925.18,574.88,499.56
4596.94,2856.40,2482.15
9396.91,5838.97,5073.93
1806.97,1122.80,975.68
3459.73,2149.77,1868.10
7030.89,4368.79,3796.38
708.12,440.00,382.35
7715.94,4794.46,4166.27
1999.13,1242.20,1079.44
5730.00,3560.46,3093.95
8826.53,5484.55,4765.94
1739.02,1080.57,938.99
2353.72,1462.54,1270.91
3455.46,2147.13,1865.80
6713.74,4171.72,3625.13
5993.26,3724.04,3236.10
7988.38,4963.75,4313.38
5687.58,3534.10,3071.05
5006.69,3111.01,2703.40
1666.92,1035.78,900.06
5250.92,3262.77,2835.27
7150.39,4443.05,3860.90
11753.86,7303.51,6346.58
5769.20,3584.81,3115.12
1033.85,642.41,558.24
1171.25,727.78,632.42
3557.40,2210.46,1920.84
7324.45,4551.20,3954.88
3013.87,1872.73,1627.36
7135.76,4433.96,3853.00
4957.68,3080.56,2676.93
2538.45,1577.32,1370.65
10185.86,6329.20,5499.92
15094.29,9379.16,8150.27
16821.33,10452.29,9082.79
11487.14,7137.78,6202.56
4194.93,2606.61,2265.08
4249.99,2640.82,2294.81
2704.05,1680.22,1460.07
7348.03,4565.86,3967.62
10463.54,6501.74,5649.86
3612.78,2244.88,1950.74
11217.38,6970.16,6056.90
12750.25,7922.64,6884.58
11816.02,7342.14,6380.14
12555.53,7801.64,6779.44
8816.00,5478.01,4760.26
1644.19,1021.65,887.79
3582.49,2226.06,1934.39
5668.83,3522.45,3060.92
2377.60,1477.37,1283.80
751.27,466.82,405.65
8647.89,5373.55,4669.48
4661.28,2896.39,2516.89
9246.01,5745.20,4992.44
9335.36,5800.72,5040.69
9415.86,5850.74,5084.16
1742.66,1082.84,940.96
5133.53,3189.82,2771.88
2128.51,1322.59,1149.30
5609.55,3485.62,3028.92
1154.76,717.54,623.52
5463.12,3394.62,2949.85
5738.85,3565.96,3098.73
4217.00,2620.32,2277.00
8303.45,5159.52,4483.50
1553.45,965.27,838.80
7107.61,4416.47,3837.80
1637.68,1017.61,884.28
4392.47,2729.35,2371.74
7315.19,4545.45,3949.88
6421.38,3990.06,3467.27
3085.33,1917.14,1665.95
3899.75,2423.19,2105.70
2702.13,1679.02,1459.03
9426.11,5857.11,5089.69
7285.83,4527.20,3934.03
2397.35,1489.64,1294.46
2185.16,1357.80,1179.89
774.05,480.97,417.95
3076.20,1911.46,1661.02
7133.37,4432.47,3851.71
4905.14,3047.91,2648.56
16636.47,10337.42,8982.97
9618.29,5976.53,5193.46
2637.80,1639.05,1424.30
2001.50,1243.67,1080.72
2211.40,1374.10,1194.06
15188.93,9437.96,8201.36
4401.28,2734.83,2376.50
1187.08,737.62,640.97
9902.97,6153.42,5347.18
1105.53,686.94,596.94
2835.76,1762.06,1531.19
10885.40,6763.88,5877.65
8727.08,5422.76,4712.25
4547.56,2825.73,2455.49
12330.34,7661.72,6657.85
3057.03,1899.55,1650.66
10079.12,6262.87,5442.29
16251.98,10098.51,8775.37
2941.89,1828.01,1588.49
6169.14,3833.33,3331.07
5708.25,3546.94,3082.21
1891.72,1175.46,1021.45
1656.83,1029.51,894.62
6828.25,4242.88,3686.96
6581.18,4089.36,3553.55
3970.32,2467.04,2143.80
11127.39,6914.24,6008.31
16981.83,10552.02,9169.46
1235.04,767.42,666.87
6992.44,4344.90,3775.61
5071.29,3151.16,2738.28
8004.34,4973.66,4322.00
3613.97,2245.62,1951.39
6778.77,4212.13,3660.24
320.77,199.32,173.20
7638.95,4746.62,4124.70
6332.00,3934.52,3419.01
1620.48,1006.92,874.99
8843.02,5494.80,4774.85
8792.36,5463.32,4747.49
8423.19,5233.93,4548.16
9046.13,5621.01,4884.52
11264.54,6999.46,6082.36
2014.51,1251.76,1087.75
8726.14,5422.17,4711.74
6710.28,4169.57,3623.26
1871.61,1162.96,1010.59
10014.03,6222.43,5407.15
5406.52,3359.46,2919.29
5361.18,3331.28,2894.81
4569.81,2839.55,2467.50
5520.91,3430.53,2981.05
8712.13,5413.47,4704.17
4589.23,2851.62,2477.99
11672.02,7252.66,6302.39
8138.09,5056.77,4394.22
8499.78,5281.52,4589.51
8171.07,5077.27,4412.02
6372.18,3959.49,3440.70
6378.03,3963.13,3443.86
8727.62,5423.09,4712.54
1337.20,830.90,722.03
3216.99,1998.95,1737.04
9232.70,5736.94,4985.26
5013.31,3115.13,2706.97
955.95,594.00,516.17
6706.76,4167.39,3621.36
9912.81,6159.54,5352.49
9225.93,5732.73,4981.60
8755.96,5440.70,4727.84
5373.33,3338.83,2901.37
5895.91,3663.55,3183.54
5302.77,3294.99,2863.27
1784.33,1108.73,963.46
16303.83,10130.73,8803.36
1821.34,1131.73,983.44
342.74,212.97,185.06
5897.18,3664.34,3184.22
5753.77,3575.23,3106.79
3538.88,2198.96,1910.84
4480.72,2784.19,2419.39
932.08,579.17,503.28
5107.81,3173.85,2758.00
14104.54,8764.16,7615.84
2392.34,1486.53,1291.76
7014.20,4358.42,3787.37
8765.25,5446.47,4732.86
4830.54,3001.56,2608.28
7245.98,4502.44,3912.52
7181.46,4462.35,3877.68
8584.51,5334.17,4635.26
9607.45,5969.80,5187.61
1449.00,900.37,782.40
1890.50,1174.70,1020.79
11713.93,7278.70,6325.02
4399.64,2733.81,2375.62
4090.59,2541.78,2208.74
463.97,288.30,250.53
3606.95,2241.25,1947.60
1434.12,891.12,774.36
4990.64,3101.04,2694.73
7535.21,4682.16,4068.69
9561.70,5941.37,5162.91
4764.35,2960.43,2572.55
3640.50,2262.10,1965.71
6819.14,4237.22,3682.04
6562.18,4077.55,3543.29
4641.75,2884.25,2506.35
5475.54,3402.34,2956.55
9300.31,5778.95,5021.77
3456.70,2147.90,1866.47
9383.30,5830.51,5066.58
1676.57,1041.77,905.28
5120.43,3181.69,2764.81
10748.10,6678.56,5803.51
1722.98,1070.61,930.34
489.17,303.95,264.13
1451.52,901.93,783.76
9093.25,5650.28,4909.96
7984.95,4961.62,4311.53
10546.42,6553.24,5694.61
8516.27,5291.77,4598.42
4377.26,2719.90,2363.53
2087.79,1297.29,1127.32
3967.69,2465.41,2142.38
9732.49,6047.49,5255.12
8929.16,5548.32,4821.36
6972.46,4332.48,3764.82
1908.06,1185.61,1030.27
1774.63,1102.71,958.23
2017.13,1253.39,1089.16
9188.49,5709.46,4961.39
5830.67,3623.01,3148.31
8405.61,5223.00,4538.66
14220.45,8836.18,7678.43
7331.74,4555.73,3958.82
357.29,222.01,192.92
7534.11,4681.48,4068.09
16125.57,10019.96,8707.11
18814.57,11690.83,10159.06
8688.26,5398.63,4691.28
4229.33,2627.99,2283.66
4770.09,2964.00,2575.64
1153.89,716.99,623.05
13196.10,8199.68,7125.32
9046.12,5621.00,4884.52
12167.43,7560.49,6569.89
6032.49,3748.42,3257.29
8496.11,5279.24,4587.53
14478.51,8996.53,7817.77
10212.04,6345.46,5514.06
10170.79,6319.84,5491.79
10736.46,6671.33,5797.23
1448.26,899.91,782.00
1585.78,985.36,856.25
4624.89,2873.78,2497.24
13166.96,8181.57,7109.59
5213.29,3239.39,2814.95
2090.60,1299.04,1128.84
7311.40,4543.09,3947.84
6588.89,4094.14,3557.71
6626.58,4117.57,3578.07
6791.87,4220.27,3667.32
6882.28,4276.45,3716.13
1259.08,782.35,679.85
5725.53,3557.68,3091.54
4943.46,3071.73,2669.26
4374.02,2717.89,2361.78
1690.54,1050.46,912.82
8148.60,5063.30,4399.89
4930.92,3063.93,2662.49
6710.47,4169.69,3623.36
10855.47,6745.28,5861.49
1287.78,800.19,695.35
9235.68,5738.79,4986.87
1228.39,763.29,663.28
6930.35,4306.32,3742.09
9024.54,5607.59,4872.86
8282.74,5146.66,4472.32
1262.61,784.55,681.75
5958.12,3702.21,3217.13
4930.38,3063.59,2662.19
7146.48,4440.61,3858.79
8991.48,5587.05,4855.01
1433.25,890.58,773.89
746.81,464.05,403.25
3538.84,2198.93,1910.82
5389.47,3348.86,2910.08
9532.18,5923.02,5146.97
5046.06,3135.48,2724.65
16611.99,10322.21,8969.76
7121.38,4425.02,3845.24
5469.91,3398.85,2953.52
1825.85,1134.53,985.88
2835.76,1762.06,1531.19
4722.25,2934.27,2549.81
15235.57,9466.94,8226.55
6462.74,4015.76,3489.60
2134.76,1326.48,1152.68
7068.90,4392.41,3816.90
3510.86,2181.55,1895.71
8474.25,5265.65,4575.73
5897.96,3664.82,3184.64
4352.72,2704.65,2350.28
11049.29,6865.71,5966.14
5234.54,3252.59,2826.43
7497.59,4658.79,4048.38
15760.06,9792.85,8509.75
5609.97,3485.87,3029.14
7934.01,4929.96,4284.02
11141.66,6923.11,6016.02
7763.36,4823.93,4191.88
6793.54,4221.31,3668.22
10643.19,6613.37,5746.86
2833.50,1760.65,1529.97
9682.11,6016.18,5227.92
8395.28,5216.58,4533.09
15945.16,9907.86,8609.70
7123.20,4426.15,3846.22
1539.91,956.86,831.48
10956.77,6808.22,5916.18
12932.48,8035.87,6982.98
9407.15,5845.33,5079.46
3339.19,2074.88,1803.02
6216.38,3862.68,3356.57
12507.97,7772.09,6753.76
545.65,339.05,294.62
7511.09,4667.17,4055.66
12770.91,7935.47,6895.74
6790.56,4219.46,3666.61
2662.71,1654.53,1437.75
13022.44,8091.77,7031.55
14995.10,9317.52,8096.71
7911.97,4916.27,4272.12
13457.57,8362.15,7266.51
11658.19,7244.07,6294.92
7441.83,4624.14,4018.26
14400.92,8948.31,7775.87
9611.71,5972.44,5189.91
734.09,456.14,396.38
5836.98,3626.93,3151.72
10185.94,6329.25,5499.97
14389.17,8941.02,7769.53
9343.75,5805.93,5045.22
8070.27,5014.63,4357.60
11144.93,6925.14,6017.78
3823.93,2376.08,2064.76
13429.07,8344.44,7251.12
10504.72,6527.33,5672.10
10510.66,6531.02,5675.30
3297.79,2049.15,1780.66
7233.04,4494.41,3905.53
9112.04,5661.96,4920.11
7255.86,4508.58,3917.85
8661.14,5381.78,4676.64
6511.10,4045.81,3515.71
3034.78,1885.72,1638.65
7451.15,4629.93,4023.30
4351.17,2703.69,2349.44
3045.94,1892.66,1644.68
9381.81,5829.58,5065.77
11522.88,7159.99,6221.86
11047.12,6864.37,5964.97
6962.80,4326.48,3759.61
12499.46,7766.80,6749.17
6930.28,4306.28,3742.05
6164.60,3830.50,3328.62
11663.00,7247.05,6297.52
9674.35,6011.36,5223.73
9297.81,5777.39,5020.42
6527.92,4056.26,3524.79
6710.60,4169.77,3623.44
8477.52,5267.69,4577.50
11623.88,7222.75,6276.40
8253.65,5128.58,4456.61
3343.65,2077.65,1805.43
3002.70,1865.79,1621.33
7044.12,4377.02,3803.52
4037.90,2509.03,2180.29
2306.94,1433.47,1245.65
2931.64,1821.64,1582.96
13119.32,8151.97,7083.87
7334.44,4557.41,3960.28
4514.11,2804.94,2437.42
16356.59,10163.51,8831.85
10178.77,6324.80,5496.10
9969.34,6194.66,5383.01
5441.73,3381.34,2938.30
9493.77,5899.16,5126.23
7216.98,4484.43,3896.86
7954.36,4942.61,4295.01
2326.19,1445.43,1256.04
10903.32,6775.01,5887.32
9539.95,5927.85,5151.16
9531.43,5922.55,5146.56
12140.67,7543.86,6555.44
10524.61,6539.69,5682.84
10483.16,6513.93,5660.45
13693.07,8508.48,7393.67
9352.93,5811.64,5050.18
13178.03,8188.45,7115.57
7074.12,4395.65,3819.72
7517.02,4670.86,4058.86
13790.33,8568.92,7446.18
7270.52,4517.69,3925.77
6385.66,3967.87,3447.98
5793.08,3599.65,3128.01
14277.29,8871.49,7709.12
12767.49,7933.35,6893.90
15337.93,9530.55,8281.82
14350.46,8916.97,7748.63
7321.65,4549.46,3953.37
7720.75,4797.45,4168.87
6272.80,3897.73,3387.04
15209.14,9450.52,8212.28
3031.95,1883.96,1637.12
10353.83,6433.57,5590.62
7744.66,4812.31,4181.78
7655.95,4757.19,4133.88
6143.51,3817.40,3317.23
13414.23,8335.22,7243.11
11671.11,7252.09,6301.89
11897.85,7392.98,6424.33
12271.68,7625.27,6626.18
12385.11,7695.75,6687.42
6188.89,3845.60,3341.73
3011.31,1871.14,1625.98
13347.79,8293.93,7207.23
14083.24,8750.92,7604.34
3111.64,1933.48,1680.15
8137.71,5056.54,4394.01
8904.46,5532.98,4808.02
6232.05,3872.41,3365.04
12392.71,7700.48,6691.53
13022.46,8091.78,7031.56
13911.45,8644.18,7511.58
11372.16,7066.33,6140.47
3336.92,2073.47,1801.79
14545.09,9037.90,7853.72
7417.40,4608.96,4005.08
5665.39,3520.31,3059.06
13781.60,8563.49,7441.47
7177.34,4459.79,3875.45
5736.55,3564.52,3097.49
6719.88,4175.54,3628.44
15958.70,9916.28,8617.01
11098.50,6896.29,5992.71
7976.69,4956.49,4307.07
5970.24,3709.73,3223.67
11616.10,7217.91,6272.19
2771.99,1722.43,1496.75
3182.37,1977.43,1718.34
3255.78,2023.05,1757.98
7099.18,4411.23,3833.25
9443.85,5868.14,5099.27
10841.33,6736.49,5853.85
6369.71,3957.96,3439.37
7588.46,4715.25,4097.44
13906.21,8640.92,7508.75
7158.65,4448.18,3865.36
12045.09,7484.47,6503.83
15546.22,9659.97,8394.29
7173.66,4457.50,3873.46
13345.52,8292.52,7206.01
7121.60,4425.15,3845.35
12585.33,7820.16,6795.53
13028.65,8095.63,7034.91
12783.45,7943.27,6902.51
6087.84,3782.81,3287.17
11255.65,6993.94,6077.56
10531.21,6543.79,5686.40
4282.56,2661.06,2312.40
13000.86,8078.36,7019.90
6635.86,4123.33,3583.08
6597.76,4099.66,3562.50
9435.62,5863.02,5094.83
10722.76,6662.81,5789.83
14155.45,8795.79,7643.33
8563.19,5320.92,4623.75
12149.42,7549.30,6560.16
3495.93,2172.27,1887.65
11342.04,7047.62,6124.21
7340.73,4561.32,3963.68
8727.08,5422.76,4712.25
10332.37,6420.23,5579.03
11791.58,7326.95,6366.94
11667.45,7249.82,6299.92
7834.22,4867.96,4230.14
1323.07,822.11,714.40
9348.34,5808.79,5047.70
5897.96,3664.82,3184.64
3796.20,2358.85,2049.79
7899.54,4908.54,4265.41
8481.19,5269.97,4579.48
10466.08,6503.32,5651.23
3312.19,2058.10,1788.44
11372.22,7066.37,6140.51
11438.40,7107.50,6176.24
12387.71,7697.37,6688.83